Payment Allowance Limits for Medicare Part B Drugs,,,,,,,,,,
,,,,,,,,,,
"Effective January 1, 2024 through March 31, 2024",,,,,,,,,,
,,,,,,,,,,
Note 1: Payment allowance limits subject to the ASP methodology are based on 3Q23 ASP data.,,,,,,,,,,
Note 2: The absence or presence of a HCPCS code and the payment allowance limits in this table does not indicate whether Medicare covers a drug.  These determinations shall be made by the local Medicare contractor processing the claim.,,,,,,,,,,
,,,,,,,,,,
,,,,,,,,,,
HCPCS Code,Short Description,HCPCS Code Dosage,Payment Limit,Co-insurance Percentage,Vaccine AWP%,Vaccine Limit,Blood AWP%,Blood limit,Clotting Factor,Notes
90371,Hep b ig im,1 ML,137.892,20.000,,,,,,
90375,Rabies ig im/sc,150 IU,289.979,20.000,,,,,,
90376,Rabies ig heat treated,150 IU,479.719,15.060,,,,,,Inflation-adjusted coinsurance
90377,Rabies ig ht&sol human im/sc,150 IU,256.305,20.000,,,,,,
90586,Bcg vaccine intravesical,1 EACH,144.495,20.000,,,,,,
90632,Hepa vaccine adult im,1 ML,70.261,20.000,,,,,,
90662,Iiv no prsv increased ag im,0.5 ML,73.403,0.000,95,73.403,,,,see the Seasonal Influenza Vaccines Pricing webpage for current payment limits and effective dates
90670,Pcv13 vaccine im,0.5 ML,257.989,0.000,95,257.989,,,,
90671,PCV15 vaccine IM,1 EA,253.560,0.000,95,253.560,,,,
90672,Laiv4 vaccine intranasal,0.2 ML,27.788,0.000,95,27.788,,,,see the Seasonal Influenza Vaccines Pricing webpage for current payment limits and effective dates
90674,Cciiv4 vac no prsv 0.5 ml im,0.5 ML,34.172,0.000,95,34.172,,,,see the Seasonal Influenza Vaccines Pricing webpage for current payment limits and effective dates
90675,Rabies vaccine im,1 ML,324.744,20.000,,,,,,
90677,Pcv20 vaccine im,0.5 ML,288.664,0.000,95,288.664,,,,
90682,Riv4 vacc recombinant dna im,0.5 ML,73.403,0.000,95,73.403,,,,see the Seasonal Influenza Vaccines Pricing webpage for current payment limits and effective dates
90686,Iiv4 vacc no prsv 0.5 ml im,0.5 ml,22.350,0.000,95,22.350,,,,see the Seasonal Influenza Vaccines Pricing webpage for current payment limits and effective dates
90687,Iiv4 vaccine splt 0.25 ml im,0.25 ML,10.439,0.000,95,10.439,,,,see the Seasonal Influenza Vaccines Pricing webpage for current payment limits and effective dates 
90688,Iiv4 vaccine splt 0.5 ml im,0.5 ML,20.878,0.000,95,20.878,,,,see the Seasonal Influenza Vaccines Pricing webpage for current payment limits and effective dates 
90694,Vacc AIIV4 no prsrv 0.5ML IM,0.5 ML,77.359,0.000,95,77.359,,,,see the Seasonal Influenza Vaccines Pricing webpage for current payment limits and effective dates 
90714,Td vacc no presv 7 yrs+ im,0.5 ML,30.344,20.000,,,,,,
90715,Tdap vaccine 7 yrs/> im,0.5 ML,38.305,20.000,,,,,,
90732,Ppsv23 vacc 2 yrs+ subq/im,0.5 ML,133.472,0.000,95,133.472,,,,
90739,Hepb vacc 2 dose adult im,1 DOSE,160.284,0.000,95,160.284,,,,
90740,Hepb vacc 3 dose immunsup im,40 MCG,152.124,0.000,95,152.124,,,,
90743,"Hep b vacc, adol, 2 dose, im",1 DOSE,75.145,0.000,95,75.145,,,,
90744,Hepb vacc 3 dose ped/adol im,1 DOSE,30.770,0.000,95,30.770,,,,
90746,Hepb vaccine 3 dose adult im,20 MCG,70.376,0.000,95,70.376,,,,
90747,Hepb vacc 4 dose immunsup im,40 MCG,140.752,0.000,95,140.752,,,,
90756,Cciiv4 vacc abx free im,0.5 ML,32.374,0.000,95,32.374,,,,see the Seasonal Influenza Vaccines Pricing webpage for current payment limits and effective dates
90759,Hep b vac 3ag 10mcg 3 dos im,10 MCG,73.815,0.000,95,73.815,,,,
91304,SARSCOV2 VAC 5MCG/0.5ML IM,0.5 ML,148.200,0.000,95,148.200,,,,See COVID-19 vaccine pricing webpage for payment effective dates
91318,SARSCOV2 VAC 3MCG TRS-SUC IM,0.3 ML,65.550,0.000,95,65.550,,,,See COVID-19 vaccine pricing webpage for payment effective dates
91319,SARSCV2 VAC 10MCG TRS-SUC IM,0.3 ML,87.780,0.000,95,87.780,,,,See COVID-19 vaccine pricing webpage for payment effective dates
91320,SARSCV2 VAC 30MCG TRS-SUC IM,0.3 ML,131.100,0.000,95,131.100,,,,See COVID-19 vaccine pricing webpage for payment effective dates
91321,SARSCOV2 VAC 25 MCG/.25ML IM,0.25 ML,145.920,0.000,95,145.920,,,,See COVID-19 vaccine pricing webpage for payment effective dates
91322,SARSCOV2 VAC 50 MCG/0.5ML IM,0.5 ML,145.920,0.000,95,145.920,,,,See COVID-19 vaccine pricing webpage for payment effective dates
A9575,Inj gadoterate meglumi 0.1ml,0.1 ML,0.129,20.000,,,,,,
A9576,Inj prohance multipack,1 ML,1.525,20.000,,,,,,
A9577,Inj multihance,1 ML,1.841,20.000,,,,,,
A9578,Inj multihance multipack,1 ML,1.772,20.000,,,,,,
A9579,"Gad-base mr contrast nos,1ml",1 ML,1.518,20.000,,,,,,
A9581,Gadoxetate disodium inj,1 ML,14.741,20.000,,,,,,
A9585,Gadobutrol injection,0.1 ML,0.344,20.000,,,,,,
A9589,Insti hexaminolevulinate hcl,100 MG,1321.841,20.000,,,,,,
A9606,Radium ra223 dichloride ther,1 microCurie,N/A,20.000,,,,,,"microCurie 100% AWP = $187.440
microCurie 100% WAC = $156.200"
J0121,"Inj., omadacycline, 1 mg",1 MG,3.658,20.000,,,,,,
J0122,"Inj., eravacycline, 1 mg",1 MG,1.128,20.000,,,,,,
J0129,Abatacept injection,10 MG,43.163,20.000,,,,,,"""lesser of"" methodology applied"
J0131,"Inj, acetaminophen (nos)",10 MG,0.046,20.000,,,,,,
J0132,Acetylcysteine injection,100 MG,0.704,20.000,,,,,,
J0133,Acyclovir injection,5 MG,0.056,20.000,,,,,,
J0134,Inj acetaminophen -fresenius,10 MG,0.047,20.000,,,,,,AMP-based payment limit
J0136,"Inj, acetaminophen (b braun)",10 MG,0.056,20.000,,,,,,
J0137,"Inj, acetaminophen (hikma)",10 MG,0.051,20.000,,,,,,
J0153,Adenosine inj 1mg,1 MG,0.601,20.000,,,,,,
J0171,Adrenalin epinephrine inject,0.1 MG,0.748,20.000,,,,,,
J0172,"Inj, aducanumab-avwa, 2 mg",2 MG,5.978,20.000,,,,,,
J0173,"Inj, epinephrine (belcher)",0.1 MG,1.790,20.000,,,,,,
J0174,"Inj, lecanemab-irmb, 1 mg",1 MG,1.346,20.000,,,,,,
J0178,Aflibercept injection,1 MG,862.280,20.000,,,,,,
J0179,"Inj, brolucizumab-dbll, 1 mg",1 MG,325.240,20.000,,,,,,
J0180,Agalsidase beta injection,1 MG,218.341,20.000,,,,,,
J0185,"Inj., aprepitant, 1 mg",1 MG,1.729,20.000,,,,,,
J0202,"Injection, alemtuzumab",1 MG,2324.344,20.000,,,,,,
J0206,Inj allopurinol sodium 1 mg,1 MG,5.553,20.000,,,,,,
J0218,Inj olipudase alfa-rpcp 1mg,1 MG,376.965,20.000,,,,,,
J0219,Inj aval alfa-nqpt 4mg,4 MG,76.017,20.000,,,,,,
J0221,Lumizyme injection,10 MG,197.278,20.000,,,,,,
J0222,"Inj., patisiran, 0.1 mg",0.1 MG,99.979,20.000,,,,,,
J0223,Inj givosiran 0.5 mg,0.5 MG,112.080,20.000,,,,,,
J0224,"Inj. lumasiran, 0.5 mg",0.5 MG,319.555,20.000,,,,,,
J0225,"Inj, vutrisiran, 1 mg",1 MG,4947.383,20.000,,,,,,
J0248,"Inj, remdesivir, 1 mg",1 MG,6.058,20.000,,,,,,
J0256,Alpha 1 proteinase inhibitor,10 MG,4.883,20.000,,,,,,
J0257,Glassia injection,10 MG,5.353,20.000,,,,,,
J0278,Amikacin sulfate injection,100 MG,0.829,20.000,,,,,,
J0280,Aminophyllin 250 mg inj,250 MG,5.132,20.000,,,,,,
J0285,Amphotericin b,50 MG,9.536,20.000,,,,,,
J0289,Amphotericin b liposome inj,10 MG,26.658,20.000,,,,,,
J0290,Ampicillin 500 mg inj,500 MG,1.011,20.000,,,,,,
J0291,"Inj., plazomicin, 5 mg",5 MG,3.599,19.775,,,,,,Inflation-adjusted coinsurance
J0295,Ampicillin sulbactam 1.5 gm,1.5 GM,1.769,20.000,,,,,,
J0348,Anidulafungin injection,1 MG,0.460,20.000,,,,,,
J0360,Hydralazine hcl injection,20 MG,5.587,20.000,,,,,,
J0401,Inj aripiprazole ext rel 1mg,1 MG,6.809,20.000,,,,,,
J0402,"Inj, abilify asimtufii, 1 mg",1 MG,5.884,20.000,,,,,,Added January 2024
J0456,Azithromycin,500 MG,2.600,20.000,,,,,,
J0457,"Injection, aztreonam, 100 mg",100 MG,2.539,20.000,,,,,,
J0461,Atropine sulfate injection,0.01 MG,0.076,20.000,,,,,,
J0475,Baclofen 10 mg injection,10 MG,177.804,20.000,,,,,,
J0476,Baclofen intrathecal trial,50 MCG,37.444,20.000,,,,,,
J0480,Basiliximab,20 MG,4476.265,20.000,,,,,,
J0485,Belatacept injection,1 MG,3.874,20.000,,,,,,
J0490,Belimumab injection,10 MG,51.998,20.000,,,,,,
J0491,Inj anifrolumab-fnia 1mg,1 MG,17.180,20.000,,,,,,
J0500,Dicyclomine injection,20 MG,24.965,20.000,,,,,,
J0515,Inj benztropine mesylate,1 MG,16.435,20.000,,,,,,
J0517,"Inj., benralizumab, 1 mg",1 MG,169.501,20.000,,,,,,
J0558,Peng benzathine/procaine inj,"100,000 UNITS",17.578,16.010,,,,,,Inflation-adjusted coinsurance
J0561,Penicillin g benzathine inj,"100,000 UNITS",21.730,16.342,,,,,,Inflation-adjusted coinsurance
J0565,"Inj, bezlotoxumab, 10 mg",10 MG,39.858,20.000,,,,,,
J0583,Bivalirudin,1 MG,0.214,20.000,,,,,,
J0584,"Injection, burosumab-twza 1m",1 MG,443.503,19.448,,,,,,Inflation-adjusted coinsurance
J0585,"Injection,onabotulinumtoxina",1 UNIT,6.327,20.000,,,,,,
J0586,Abobotulinumtoxina,5 Unit,8.805,20.000,,,,,,
J0587,"Inj, rimabotulinumtoxinb",100 UNITS,13.026,20.000,,,,,,
J0588,Incobotulinumtoxin a,1 UNIT,5.186,20.000,,,,,,
J0592,Buprenorphine hydrochloride,0.1 MG,4.126,20.000,,,,,,
J0594,Busulfan injection,1 MG,1.414,20.000,,,,,,
J0595,Butorphanol tartrate 1 mg,1 MG,2.798,20.000,,,,,,
J0596,"Injection, ruconest",10 UNITS,33.507,20.000,,,,,,
J0597,"C-1 esterase, berinert",10 UNITS,64.356,20.000,,,,,,
J0598,"C-1 esterase, cinryze",10 UNITS,62.556,20.000,,,,,,
J0612,Calcium glucon (fresenius),10 MG,0.050,20.000,,,,,,
J0613,Calcium glucon (wg critical),10 MG,0.089,20.000,,,,,,
J0630,Calcitonin salmon injection,400 UNITS,1069.499,20.000,,,,,,
J0637,Caspofungin acetate,5 MG,5.427,20.000,,,,,,
J0638,Canakinumab injection,1 MG,124.326,20.000,,,,,,
J0640,Leucovorin calcium injection,50 MG,4.470,20.000,,,,,,
J0641,Inj levoleucovorin nos 0.5mg,0.5 MG,0.068,20.000,,,,,,Added January 2024
J0642,"Injection, khapzory, 0.5 mg",0.5 MG,1.530,20.000,,,,,,
J0665,"Inj, bupivacaine, nos, 0.5mg",0.5 MG,0.014,20.000,,,,,,
J0670,Inj mepivacaine hcl/10 ml,10 ML,3.290,20.000,,,,,,
J0688,"Inj cefazolin sodium, hikma",500 MG,1.042,20.000,,,,,,Added January 2024
J0689,"Inj cefazolin sodium, baxter",500 MG,1.228,20.000,,,,,,
J0690,Cefazolin sodium injection,500 MG,0.763,20.000,,,,,,
J0692,Cefepime hcl for injection,500 MG,1.262,20.000,,,,,,
J0694,Cefoxitin sodium injection,1 GM,5.079,20.000,,,,,,
J0695,Inj ceftolozane tazobactam,75mg (50mg cft/25mg taz),7.370,20.000,,,,,,
J0696,Ceftriaxone sodium injection,250 MG,0.491,20.000,,,,,,
J0697,Sterile cefuroxime injection,750 MG,2.026,20.000,,,,,,
J0699,"Inj, cefiderocol, 10 mg",10 mg,2.173,20.000,,,,,,
J0701,Inj. cefepime hcl (baxter),500 MG,5.637,7.832,,,,,,Inflation-adjusted coinsurance
J0702,Betamethasone acet&sod phosp,3 MG & 3 MG,6.816,20.000,,,,,,
J0703,"Inj, cefepime hcl (b braun)",500 MG,5.268,8.381,,,,,,Inflation-adjusted coinsurance
J0712,Ceftaroline fosamil inj,10 MG,3.835,20.000,,,,,,
J0713,Inj ceftazidime per 500 mg,500 MG,1.694,20.000,,,,,,
J0714,Ceftazidime and avibactam,.625 GM,95.449,20.000,,,,,,
J0717,Certolizumab pegol inj 1mg,1 MG,4.816,20.000,,,,,,"""lesser of"" methodology applied"
J0725,Chorionic gonadotropin/1000u,1000 UNITS,23.174,20.000,,,,,,
J0735,Clonidine hydrochloride,1 MG,19.267,20.000,,,,,,
J0736,"Inj, clindamycin phosp 300mg",300 MG,1.904,20.000,,,,,,
J0737,"Inj, clindamycin (baxter)",300 MG,1.751,20.000,,,,,,
J0740,Cidofovir injection,375 MG,554.192,20.000,,,,,,
J0741,"Inj, cabote rilpivir 2mg 3mg",2MG/3MG,22.597,20.000,,,,,,
J0742,Inj imip 4 cilas 4 releb 2mg,4 MG-4 MG-2 MG,2.462,20.000,,,,,,
J0743,Cilastatin sodium injection,250 MG,8.103,20.000,,,,,,
J0744,Ciprofloxacin iv,200 MG,1.933,20.000,,,,,,
J0770,Colistimethate sodium inj,150 MG,13.916,20.000,,,,,,
J0775,"Collagenase, clost hist inj",0.01 MG,66.269,19.187,,,,,,Inflation-adjusted coinsurance
J0780,Prochlorperazine injection,10 MG,3.429,20.000,,,,,,
J0791,Inj crizanlizumab-tmca 5mg,5 MG,127.102,20.000,,,,,,
J0801,Inj. acthar gel to 40 units,40 UNITS,4095.318,20.000,,,,,,
J0802,"Inj. (ani), up to 40 units",up to 40 Units,3348.991,20.000,,,,,,Added January 2024
J0834,"Inj., cosyntropin, 0.25 mg",0.25 MG,27.114,20.000,,,,,,
J0840,Crotalidae poly immune fab,UP TO 1 GM,1949.917,20.000,,,,,,
J0841,Inj crotalidae im f(ab')2 eq,120 MG,912.076,20.000,,,,,,
J0850,Cytomegalovirus imm iv /vial,PER VIAL,1807.872,19.659,,,,,,Inflation-adjusted coinsurance
J0873,"Inj, daptomycin (xellia)",1 MG,0.050,20.000,,,,,,Added January 2024
J0875,"Injection, dalbavancin",5 MG,15.293,20.000,,,,,,
J0877,"Inj, daptomycin (hospira)",1 MG,0.065,20.000,,,,,,
J0878,Daptomycin injection,1 MG,0.038,20.000,,,,,,
J0881,"Darbepoetin alfa, non-esrd",1 MCG,2.930,20.000,,,,,,
J0882,"Darbepoetin alfa, esrd use",1 MCG,2.930,20.000,,,,,,
J0885,"Epoetin alfa, non-esrd",1000 UNITS,8.886,20.000,,,,,,
J0887,Epoetin beta esrd use,1 MCG,1.618,20.000,,,,,,
J0888,Epoetin beta non esrd,1 MCG,1.618,20.000,,,,,,
J0891,Argatroban nonesrd (accord),1 MG,1.821,20.000,,,,,,
J0892,Argatroban dialysis (accord),1 MG,1.821,20.000,,,,,,
J0893,"Inj, decitabine (sun pharma)",1 MG,0.777,20.000,,,,,,
J0894,Decitabine injection,1 MG,1.694,20.000,,,,,,
J0895,Deferoxamine mesylate inj,500 MG,8.597,20.000,,,,,,
J0896,Inj luspatercept-aamt 0.25mg,0.25 MG,39.971,20.000,,,,,,
J0897,Denosumab injection,1 MG,25.198,19.453,,,,,,Inflation-adjusted coinsurance
J1000,Depo-estradiol cypionate inj,5 MG,35.754,20.000,,,,,,
J1020,Methylprednisolone 20 mg inj,20 MG,7.038,20.000,,,,,,
J1030,Methylprednisolone 40 mg inj,40 MG,6.419,20.000,,,,,,
J1040,Methylprednisolone 80 mg inj,80 MG,9.803,20.000,,,,,,
J1071,Inj testosterone cypionate,1 MG,0.027,20.000,,,,,,
J1100,Dexamethasone sodium phos,1 MG,0.119,20.000,,,,,,
J1110,Inj dihydroergotamine mesylt,1 MG,42.341,20.000,,,,,,
J1120,Acetazolamid sodium injectio,500 MG,28.119,20.000,,,,,,
J1160,Digoxin injection,0.5 MG,9.408,20.000,,,,,,
J1162,Digoxin immune fab (ovine),PER VIAL,4777.441,20.000,,,,,,
J1165,Phenytoin sodium injection,50 MG,0.630,20.000,,,,,,
J1170,Hydromorphone injection,4 MG,4.591,20.000,,,,,,
J1190,Dexrazoxane hcl injection,250 MG,108.006,20.000,,,,,,
J1200,Diphenhydramine hcl injectio,50 MG,0.804,20.000,,,,,,
J1201,Inj. cetirizine hcl 0.5mg,0.5 MG,15.073,20.000,,,,,,
J1205,Chlorothiazide sodium inj,500 MG,121.346,20.000,,,,,,
J1212,Dimethyl sulfoxide 50% 50 ml,50 ML,680.820,20.000,,,,,,
J1230,Methadone injection,10 MG,19.671,20.000,,,,,,
J1240,Dimenhydrinate injection,50 MG,8.951,20.000,,,,,,
J1245,Dipyridamole injection,10 MG,3.718,20.000,,,,,,
J1250,Inj dobutamine hcl/250 mg,250 MG,9.848,20.000,,,,,,
J1265,Dopamine injection,40 MG,0.772,20.000,,,,,,
J1270,"Injection, doxercalciferol",1 MCG,0.378,20.000,,,,,,
J1290,Ecallantide injection,1 MG,539.327,20.000,,,,,,
J1300,Eculizumab injection,10 MG,225.685,20.000,,,,,,
J1301,"Injection, edaravone, 1 mg",1 MG,21.815,20.000,,,,,,
J1302,"Inj, sutimlimab-jome, 10 mg",10 MG,17.766,20.000,,,,,,
J1303,"Inj., ravulizumab-cwvz 10 mg",10 MG,221.773,20.000,,,,,,
J1304,Inj tofersen intrathec 1 mg,1 MG,150.838,20.000,,,,,,Added January 2024
J1305,"Inj, evinacumab-dgnb, 5mg",5 MG,179.140,20.000,,,,,,
J1306,"Injection, inclisiran, 1 mg",1 MG,12.134,20.000,,,,,,
J1322,"Elosulfase alfa, injection",1 MG,280.909,20.000,,,,,,
J1325,Epoprostenol injection,0.5 MG,15.962,20.000,,,,,,
J1335,Ertapenem injection,500 MG,12.965,20.000,,,,,,
J1364,Erythro lactobionate /500 mg,500 MG,80.775,20.000,,,,,,
J1380,Estradiol valerate 10 mg inj,10 MG,9.236,20.000,,,,,,
J1410,Inj estrogen conjugate 25 mg,25 MG,372.146,20.000,,,,,,
J1430,Ethanolamine oleate 100 mg,100 MG,473.933,20.000,,,,,,
J1437,Inj. fe derisomaltose 10 mg,10 MG,18.863,20.000,,,,,,
J1439,Inj ferric carboxymaltos 1mg,1 MG,1.147,20.000,,,,,,
J1440,Fecal microbiota jslm 1 ml,1 ML,62.984,20.000,,,,,,
J1442,Inj filgrastim excl biosimil,1 MCG,0.985,20.000,,,,,,
J1447,Inj tbo filgrastim 1 microg,1 MCG,0.439,20.000,,,,,,
J1448,"Injection, trilaciclib, 1mg",1 MG,5.201,20.000,,,,,,
J1449,Inj eflapegrastim-xnst 0.1mg,0.1 MG,29.679,20.000,,,,,,
J1450,Fluconazole,200 MG,2.797,20.000,,,,,,
J1453,Fosaprepitant injection,1 MG,0.138,20.000,,,,,,AMP-based payment limit
J1454,"Inj fosnetupitant, palonoset",0.25 MG,694.178,20.000,,,,,,
J1456,"Inj, fosaprepitant (teva)",1 MG,0.441,17.596,,,,,,Inflation-adjusted coinsurance
J1458,Galsulfase injection,1 MG,462.992,20.000,,,,,,
J1459,Inj ivig privigen 500 mg,500 MG,48.290,20.000,,,,,,
J1460,Gamma globulin 1 cc inj,1 CC,50.726,19.987,,,,,,Inflation-adjusted coinsurance
J1551,Inj cutaquig 100 mg,100 MG,13.888,20.000,,,,,,
J1554,Inj. asceniv,500 MG,491.405,20.000,,,,,,
J1555,"Inj cuvitru, 100 mg",100 MG,15.922,20.000,,,,,,
J1556,"Inj, imm glob bivigam, 500mg",500 MG,72.962,20.000,,,,,,
J1557,Gammaplex injection,500 MG,55.153,20.000,,,,,,
J1558,"Inj. xembify, 100 mg",100 MG,14.183,20.000,,,,,,
J1559,Hizentra injection,100 MG,12.945,20.000,,,,,,
J1560,Gamma globulin > 10 cc inj,10 CC,507.258,19.987,,,,,,Inflation-adjusted coinsurance
J1561,Gamunex-c/gammaked,500 MG,49.786,20.000,,,,,,
J1566,"Immune globulin, powder",500 MG,78.500,20.000,,,,,,
J1568,Octagam injection,500 MG,44.978,20.000,,,,,,
J1569,Gammagard liquid injection,500 MG,44.152,20.000,,,,,,
J1570,Ganciclovir sodium injection,500 MG,44.922,20.000,,,,,,
J1571,Hepagam b im injection,0.5 ML,59.619,20.000,,,,,,
J1575,Hyqvia 100mg immuneglobulin,100 MG,17.085,20.000,,,,,,
J1576,"Inj, panzyga, 500 mg",500 MG,66.441,20.000,,,,,,
J1580,Garamycin gentamicin inj,80 MG,2.685,20.000,,,,,,
J1596,"Inj, glycopyrrolate, 0.1 mg",0.1 MG,0.616,20.000,,,,,,Added January 2024
J1602,Golimumab for iv use 1mg,1 MG,12.341,20.000,,,,,,
J1610,Glucagon hydrochloride/1 mg,1 MG,188.367,20.000,,,,,,
J1611,"Inj glucagon hcl, fresenius",1 MG,123.830,20.000,,,,,,AMP-based payment limit
J1626,Granisetron hcl injection,100 MCG,0.381,20.000,,,,,,
J1627,"Inj, granisetron, xr, 0.1 mg",0.1 MG,5.674,20.000,,,,,,
J1630,Haloperidol injection,5 MG,1.416,20.000,,,,,,
J1631,Haloperidol decanoate inj,50 MG,8.777,20.000,,,,,,
J1640,"Hemin, 1 mg",1 MG,31.348,19.715,,,,,,Inflation-adjusted coinsurance
J1642,Inj heparin sodium per 10 u,10 UNITS,0.016,20.000,,,,,,
J1643,"Inj heparin, pfizer, 1000u",1000 UNITS,4.580,20.000,,,,,,
J1644,Inj heparin sodium per 1000u,1000 UNITS,0.268,20.000,,,,,,
J1645,Dalteparin sodium,2500 IU,17.399,11.594,,,,,,Inflation-adjusted coinsurance
J1650,Inj enoxaparin sodium,10 MG,0.680,20.000,,,,,,
J1652,Fondaparinux sodium,0.5 MG,1.093,20.000,,,,,,
J1670,Tetanus immune globulin inj,250 UNITS,578.613,19.547,,,,,,Inflation-adjusted coinsurance
J1720,Hydrocortisone sodium succ i,100 MG,17.845,20.000,,,,,,
J1740,Ibandronate sodium injection,1 MG,25.596,20.000,,,,,,
J1743,Idursulfase injection,1 MG,542.917,20.000,,,,,,
J1745,Infliximab not biosimil 10mg,10 MG,32.161,20.000,,,,,,
J1746,"Inj., ibalizumab-uiyk, 10 mg",10 MG,74.624,20.000,,,,,,
J1747,"Inj, spesolimab-sbzo, 1 mg",1 MG,60.223,20.000,,,,,,
J1750,Inj iron dextran,50 MG,17.324,20.000,,,,,,
J1756,Iron sucrose injection,1 MG,0.221,20.000,,,,,,
J1786,Imuglucerase injection,10 UNITS,44.023,20.000,,,,,,
J1805,"Inj, esmolol hcl, 10mg",10 MG,0.260,20.000,,,,,,
J1806,Inj esmolol hcl wg crit care,10 MG,0.453,20.000,,,,,,
J1811,Fiasp for insulin pump use,50 UNITS,6.798,20.000,,,,,,
J1813,Lyumjev for insulin pump use,50 UNITS,15.573,20.000,,,,,,
J1817,Insulin for insulin pump use,50 UNITS,7.959,20.000,,,,,,
J1823,"Inj. inebilizumab-cdon, 1 mg",1 MG,473.513,20.000,,,,,,
J1836,"Inj, metronidazole, 10 mg",10 MG,0.024,20.000,,,,,,
J1885,Ketorolac tromethamine inj,15 MG,0.488,20.000,,,,,,
J1920,"Inj, labetalol hcl, 5mg",5 MG,0.186,20.000,,,,,,
J1921,"Inj labetalol hcl hikma, 5mg",5 MG,2.556,20.000,,,,,,
J1930,Lanreotide injection,1 MG,48.443,20.000,,,,,,
J1931,Laronidase injection,0.1 MG,37.441,20.000,,,,,,
J1932,"Inj, lanreotide, (cipla) 1mg",1 MG,48.777,20.000,,,,,,
J1939,"Inj, bumetanide, 0.5 mg",0.5 MG,0.665,20.000,,,,,,Added January 2024
J1940,Furosemide injection,20 MG,0.573,20.000,,,,,,
J1943,"Inj., aristada initio, 1 mg",1 MG,3.091,20.000,,,,,,
J1944,Aripiprazole lauroxil 1 mg,1 MG,3.109,20.000,,,,,,
J1950,Leuprolide acetate /3.75 mg,3.75 MG,1564.604,19.532,,,,,,Inflation-adjusted coinsurance
J1951,Inj fensolvi 0.25 mg,0.25 MG,131.824,20.000,,,,,,
J1952,"Leuprolide inj, camcevi, 1mg",1 mg,59.800,20.000,,,,,,
J1953,Levetiracetam injection,10 MG,0.063,20.000,,,,,,
J1954,Leuprolide depot cipla 7.5mg,7.5 MG,355.279,20.000,,,,,,
J1955,Inj levocarnitine per 1 gm,1 GM,35.321,20.000,,,,,,
J1956,Levofloxacin injection,250 MG,0.908,20.000,,,,,,
J1961,"Inj, lenacapavir, 1 mg",1 MG,21.933,20.000,,,,,,
J1980,Hyoscyamine sulfate inj,0.25 MG,35.464,20.000,,,,,,
J2001,Lidocaine injection,10 MG,0.027,20.000,,,,,,
J2010,Lincomycin injection,300 MG,9.844,20.000,,,,,,
J2020,Linezolid injection,200 MG,3.298,20.000,,,,,,
J2021,"Inj, linezolid (hospira)",200 MG,20.061,20.000,,,,,,
J2060,Lorazepam injection,2 MG,1.122,20.000,,,,,,
J2150,Mannitol injection,50 ML,2.595,20.000,,,,,,
J2175,Meperidine hydrochl /100 mg,100 MG,7.299,20.000,,,,,,
J2182,"Injection, mepolizumab, 1mg",1 MG,30.505,20.000,,,,,,
J2184,"Inj, meropenem (b. braun)",100 MG,2.113,9.059,,,,,,Inflation-adjusted coinsurance
J2185,Meropenem,100 MG,0.452,20.000,,,,,,
J2210,Methylergonovin maleate inj,0.2 MG,19.603,20.000,,,,,,
J2247,"Inj, micafungin (par pharm)",1 MG,0.337,20.000,,,,,,
J2248,Micafungin sodium injection,1 MG,0.757,20.000,,,,,,
J2250,Inj midazolam hydrochloride,1 MG,0.142,20.000,,,,,,
J2251,Inj midazolam (wg crit care),1 MG,0.284,20.000,,,,,,
J2260,Inj milrinone lactate / 5 mg,5 MG,1.562,20.000,,,,,,
J2270,Morphine sulfate injection,10 MG,4.665,20.000,,,,,,
J2272,"Inj, morphine (fresenius)",10 MG,7.434,20.000,,,,,,
J2274,Inj morphine pf epid ithc,10 MG,11.244,20.000,,,,,,
J2278,Ziconotide injection,1 MCG,9.040,20.000,,,,,,
J2280,"Inj, moxifloxacin 100 mg",100 MG,9.426,20.000,,,,,,
J2281,Inj moxifloxacin (fres kabi),100 MG,5.806,20.000,,,,,,AMP-based payment limit
J2300,Inj nalbuphine hydrochloride,10 MG,2.811,20.000,,,,,,
J2305,"Inj, nitroglycerin, 5 mg",5 MG,1.286,20.000,,,,,,
J2310,Inj naloxone hydrochloride,1 MG,7.288,20.000,,,,,,
J2311,"Inj, naloxone hcl (zimhi)",1 MG,5.759,20.000,,,,,,
J2315,"Naltrexone, depot form",1 MG,3.959,20.000,,,,,,
J2323,Natalizumab injection,1 MG,24.452,20.000,,,,,,
J2327,Inj risankizumab-rzaa 1 mg,1 MG,15.363,20.000,,,,,,
J2329,"Inj ublituximab-xiiy, 1 mg",1 MG,67.663,20.000,,,,,,
J2350,"Injection, ocrelizumab, 1 mg",1 MG,59.751,20.000,,,,,,
J2353,"Octreotide injection, depot",1 MG,210.829,20.000,,,,,,
J2354,"Octreotide inj, non-depot",25 MCG,1.188,20.000,,,,,,
J2356,"Inj tezepelumab-ekko, 1mg",1 MG,18.587,20.000,,,,,,
J2357,Omalizumab injection,5 MG,39.459,20.000,,,,,,
J2358,Olanzapine long-acting inj,1 MG,2.917,20.000,,,,,,
J2359,"Inj. olanzapine, 0.5mg",0.5 MG,0.947,20.000,,,,,,
J2360,Orphenadrine injection,60 MG,9.705,20.000,,,,,,
J2372,"Inj, biorphen, 20 micrograms",20 MCG,0.177,20.000,,,,,,
J2401,Chloroprocaine hcl injection,1 MG,0.037,20.000,,,,,,
J2405,Ondansetron hcl injection,1 MG,0.100,20.000,,,,,,
J2406,"Injection, oritavancin 10 mg",10 MG,40.917,20.000,,,,,,
J2407,"Injection, oritavancin",10 MG,27.595,20.000,,,,,,
J2426,"Inj, invega sustenna, 1 mg",1 MG,14.318,20.000,,,,,,
J2427,"Inj, invega hafyera/trinza",1MG,12.210,20.000,,,,,,
J2430,Pamidronate disodium /30 mg,30 MG,8.874,20.000,,,,,,
J2469,Palonosetron hcl,25 MCG,0.845,20.000,,,,,,
J2501,Paricalcitol,1 MCG,0.665,20.000,,,,,,AMP-based payment limit
J2506,Inj pegfilgrast ex bio 0.5mg,0.5 MG,50.678,20.000,,,,,,
J2507,Pegloticase injection,1 MG,3371.076,20.000,,,,,,
J2540,Penicillin g potassium inj,600000 UNITS,0.771,20.000,,,,,,
J2543,Piperacillin/tazobactam,1.125 GM,1.177,20.000,,,,,,
J2545,Pentamidine non-comp unit,300 MG,52.220,20.000,,,,,,
J2550,Promethazine hcl injection,50 MG,3.590,20.000,,,,,,
J2560,Phenobarbital sodium inj,120 MG,31.432,20.000,,,,,,
J2562,Plerixafor injection,1 MG,172.883,20.000,,,,,,
J2597,Inj desmopressin acetate,1 MCG,6.328,20.000,,,,,,
J2598,"Inj, vasopressin, 1 unit",1 UNIT,1.815,20.000,,,,,,
J2599,Inj vasopressin (am reg) 1 u,1 UNIT,0.463,20.000,,,,,,
J2675,Inj progesterone per 50 mg,50 MG,0.914,20.000,,,,,,
J2679,Inj fluphenazine hcl 1.25 mg,1.25 MG,7.545,20.000,,,,,,Added January 2024
J2680,Fluphenazine decanoate 25 mg,25 MG,9.150,20.000,,,,,,
J2690,Procainamide hcl injection,1 GM,146.317,20.000,,,,,,
J2700,Oxacillin sodium injeciton,250 MG,1.048,20.000,,,,,,
J2704,"Inj, propofol, 10 mg",10 MG,0.128,20.000,,,,,,
J2720,Inj protamine sulfate/10 mg,10 MG,1.658,20.000,,,,,,
J2724,Protein c concentrate,10 UNITS,15.070,20.000,,,,,,
J2760,Phentolaine mesylate inj,5 MG,446.797,20.000,,,,,,
J2765,Metoclopramide hcl injection,10 MG,1.094,20.000,,,,,,
J2777,"Inj, faricimab-svoa, 0.1mg",0.1 MG,36.092,20.000,,,,,,
J2778,Ranibizumab injection,0.1 mg,187.553,20.000,,,,,,
J2779,"Inj, susvimo 0.1 mg",0.1 MG,80.782,20.000,,,,,,
J2781,"Inj, pegcetacoplan, 1mg",1 MG,151.462,20.000,,,,,,
J2783,Rasburicase,0.5 MG,367.268,20.000,,,,,,
J2785,Regadenoson injection,0.1 MG,14.280,20.000,,,,,,
J2786,"Injection, reslizumab, 1mg",1 MG,10.168,20.000,,,,,,
J2788,Rho d immune globulin 50 mcg,50 MCG (250 IU),23.799,20.000,,,,,,
J2790,Rho d immune globulin inj,300 MCG (1500 IU),81.161,20.000,,,,,,
J2791,Rhophylac injection,100 IU,4.827,20.000,,,,,,
J2792,"Rho(d) immune globulin h, sd",100 IU,32.964,20.000,,,,,,
J2794,"Inj risperdal consta, 0.5 mg",0.5 MG,12.151,20.000,,,,,,
J2795,Ropivacaine hcl injection,1 MG,0.077,20.000,,,,,,
J2796,Romiplostim injection,10 MCG,96.027,20.000,,,,,,
J2798,"Inj., perseris, 0.5 mg",0.5 mg,11.624,20.000,,,,,,
J2799,"Inj, uzedy, 1 mg",1 MG,24.700,20.000,,,,,,Added January 2024
J2800,Methocarbamol injection,10 ML,5.656,20.000,,,,,,
J2805,Sincalide injection,5 MCG,133.099,20.000,,,,,,
J2820,Sargramostim injection,50 MCG,59.317,19.509,,,,,,Inflation-adjusted coinsurance
J2860,"Injection, siltuximab",10 MG,148.943,19.132,,,,,,Inflation-adjusted coinsurance
J2916,Na ferric gluconate complex,12.5 MG,2.374,20.000,,,,,,
J2920,Methylprednisolone injection,40 MG,4.188,20.000,,,,,,
J2930,Methylprednisolone injection,125 MG,5.882,20.000,,,,,,
J2997,Alteplase recombinant,1 MG,88.974,20.000,,,,,,
J3000,Streptomycin injection,1 GM,32.516,20.000,,,,,,
J3010,Fentanyl citrate injection,0.1 MG,0.968,20.000,,,,,,
J3032,Inj. eptinezumab-jjmr 1 mg,1 MG,18.059,20.000,,,,,,
J3060,"Inj, taliglucerase alfa 10 u",10 UNITS,45.034,20.000,,,,,,
J3090,Inj tedizolid phosphate,1 MG,1.781,20.000,,,,,,
J3095,Telavancin injection,10 MG,7.048,20.000,,,,,,
J3101,Tenecteplase injection,1 MG,153.114,20.000,,,,,,
J3105,Terbutaline sulfate inj,1 MG,7.794,20.000,,,,,,
J3111,Inj. romosozumab-aqqg 1 mg,1 MG,10.727,20.000,,,,,,
J3121,Inj testostero enanthate 1mg,1 MG,0.050,20.000,,,,,,
J3145,Testosterone undecanoate 1mg,1 MG,1.837,19.266,,,,,,AMP-based payment limit - Inflation-adjusted coinsurance
J3230,Chlorpromazine hcl injection,50 MG,29.786,20.000,,,,,,
J3240,Thyrotropin injection,0.9 MG,2021.170,20.000,,,,,,
J3241,Inj. teprotumumab-trbw 10 mg,10 MG,327.998,20.000,,,,,,
J3243,Tigecycline injection,1 MG,0.736,20.000,,,,,,
J3245,"Inj., tildrakizumab, 1 mg",1 MG,140.655,20.000,,,,,,
J3246,Tirofiban hcl,0.25 MG,4.320,20.000,,,,,,
J3250,Trimethobenzamide hcl inj,200 MG,47.839,19.888,,,,,,Inflation-adjusted coinsurance
J3260,Tobramycin sulfate injection,80 MG,2.664,20.000,,,,,,
J3262,Tocilizumab injection,1 MG,6.120,20.000,,,,,,
J3285,Treprostinil injection,1 MG,56.383,20.000,,,,,,
J3299,Inj xipere 1 mg,1 MG,48.583,20.000,,,,,,
J3301,Triamcinolone acet inj nos,10 MG,0.946,20.000,,,,,,
J3304,Inj triamcinolone ace xr 1mg,1 MG,17.541,20.000,,,,,,
J3315,Triptorelin pamoate,3.75 MG,413.585,20.000,,,,,,
J3357,"Ustekinumab sub cu inj, 1 mg",1 MG,153.955,20.000,,,,,,
J3358,"Ustekinumab, iv inject, 1 mg",1 MG,12.619,20.000,,,,,,
J3360,Diazepam injection,5 MG,5.465,20.000,,,,,,
J3370,Vancomycin hcl injection,500 MG,2.307,20.000,,,,,,
J3371,"Inj, vancomycin hcl (mylan)",500 MG,5.974,20.000,,,,,,
J3372,"Inj, vancomycin hcl (xellia)",500 MG,6.578,9.021,,,,,,Inflation-adjusted coinsurance
J3380,"Injection, vedolizumab",1 MG,22.063,20.000,,,,,,
J3385,Velaglucerase alfa,100 UNITS,367.406,20.000,,,,,,
J3396,Verteporfin injection,0.1 MG,11.531,20.000,,,,,,
J3410,Hydroxyzine hcl injection,25 MG,9.908,20.000,,,,,,
J3411,Thiamine hcl 100 mg,100 MG,2.458,20.000,,,,,,
J3415,Pyridoxine hcl 100 mg,100 MG,14.825,20.000,,,,,,
J3420,Vitamin b12 injection,1000 MCG,1.443,20.000,,,,,,
J3425,"Inj, hydroxocobalamin",10 MCG,0.005,20.000,,,,,,Added January 2024
J3430,Vitamin k phytonadione inj,1 MG,2.899,20.000,,,,,,
J3465,"Injection, voriconazole",10 MG,1.158,20.000,,,,,,
J3471,"Ovine, up to 999 usp units",1 UNIT,0.499,20.000,,,,,,
J3473,Hyaluronidase recombinant,1 USP UNIT,0.361,20.000,,,,,,
J3475,Inj magnesium sulfate,500 MG,0.691,20.000,,,,,,
J3480,Inj potassium chloride,2 MEQ,0.120,20.000,,,,,,
J3485,Zidovudine,10 MG,1.511,20.000,,,,,,
J3486,Ziprasidone mesylate,10 MG,9.755,20.000,,,,,,
J3489,Zoledronic acid 1mg,1 MG,7.213,20.000,,,,,,
J7030,Normal saline solution infus,1000 ML,2.691,20.000,,,,,,
J7040,Normal saline solution infus,500 ML,1.346,20.000,,,,,,
J7042,5% dextrose/normal saline,500 ML,1.587,20.000,,,,,,
J7050,Normal saline solution infus,250 ML,0.673,20.000,,,,,,
J7060,5% dextrose/water,500 ML,1.931,20.000,,,,,,
J7070,D5w infusion,1000 CC,3.861,20.000,,,,,,
J7120,Ringers lactate infusion,1000 CC,2.591,20.000,,,,,,
J7170,"Inj., emicizumab-kxwh 0.5 mg",0.5 MG,50.652,20.000,,,,,1,
J7175,"Inj, factor x, (human), 1iu",1 IU,9.112,20.000,,,,,1,
J7177,"Inj., fibryga, 1 mg",1 MG,1.100,20.000,,,,,1,
J7178,Inj human fibrinogen con nos,1 IU,1.382,20.000,,,,,1,
J7179,Vonvendi inj 1 iu vwf:rco,1 IU,1.823,20.000,,,,,1,
J7180,Factor xiii anti-hem factor,1 IU,9.676,20.000,,,,,1,
J7181,Factor xiii recomb a-subunit,1 IU,17.133,20.000,,,,,1,
J7182,Factor viii recomb novoeight,1 IU,1.339,20.000,,,,,1,
J7183,Wilate injection,1 I.U. VWF:RCO,1.296,20.000,,,,,1,
J7185,Xyntha inj,1 IU,1.294,20.000,,,,,1,
J7186,Antihemophilic viii/vwf comp,PER FACTOR VIII IU,1.202,20.000,,,,,1,
J7187,"Humate-p, inj",1 IU,1.348,20.000,,,,,1,
J7188,Factor viii recomb obizur,1 IU,3.221,20.000,,,,,1,
J7189,Factor viia recomb novoseven,1 MCG,2.428,20.000,,,,,1,
J7190,Factor viii,1 IU,1.027,20.000,,,,,1,
J7192,Factor viii recombinant nos,1 IU,1.512,20.000,,,,,1,
J7193,Factor ix non-recombinant,1 IU,1.322,20.000,,,,,1,
J7194,Factor ix complex,1 IU,1.606,20.000,,,,,1,
J7195,Factor ix recombinant nos,1 IU,1.751,20.000,,,,,1,
J7197,Antithrombin iii injection,1 IU,3.871,18.100,,,,,,AMP-based payment limit - Inflation-adjusted coinsurance
J7198,Anti-inhibitor,1 IU,2.267,20.000,,,,,1,
J7200,Factor ix recombinan rixubis,1 IU,1.550,20.000,,,,,1,
J7201,Factor ix alprolix recomb,1 IU,3.465,20.000,,,,,1,
J7202,Factor ix idelvion inj,1 IU,4.941,20.000,,,,,1,
J7203,Factor ix recomb gly rebinyn,1 IU,4.409,20.000,,,,,1,
J7204,Inj recombin esperoct per iu,1 IU,2.076,20.000,,,,,1,
J7205,Factor viii fc fusion recomb,1 IU,2.188,20.000,,,,,1,
J7207,Factor viii pegylated recomb,1 IU,1.980,20.000,,,,,1,
J7208,Inj. jivi 1 iu,1 IU,2.342,20.000,,,,,1,
J7209,Factor viii nuwiq recomb 1iu,1 IU,1.282,20.000,,,,,1,
J7210,"Inj, afstyla, 1 i.u.",1 IU,1.443,20.000,,,,,1,
J7211,"Inj, kovaltry, 1 i.u.",1 IU,1.426,20.000,,,,,1,
J7212,Factor viia recomb sevenfact,1 MCG,2.029,20.000,,,,,1,
J7213,"Inj, ixinity, 1 i.u.",1 IU,1.815,20.000,,,,,1,
J7214,Altuviiio per factor viii iu,1 IU,4.629,20.000,,,,,1,
J7308,Aminolevulinic acid hcl top,354 MG,392.319,20.000,,,,,,
J7311,"Inj., retisert, 0.01 mg",0.01 MG,299.050,20.000,,,,,,
J7312,Dexamethasone intra implant,0.1 MG,205.612,20.000,,,,,,
J7313,"Inj., iluvien, 0.01 mg",0.01 MG,490.947,20.000,,,,,,
J7314,"Inj., yutiq, 0.01 mg",0.01 MG,528.999,20.000,,,,,,
J7318,"Inj, durolane 1 mg",1 MG,6.143,20.000,,,,,,
J7320,"Genvisc 850, inj, 1mg",1 MG,5.744,20.000,,,,,,
J7321,Hyalgan supartz visco-3 dose,per dose,73.095,20.000,,,,,,
J7322,Hymovis injection 1 mg,1 MG,17.264,20.000,,,,,,
J7323,Euflexxa inj per dose,per dose,127.300,20.000,,,,,,
J7324,Orthovisc inj per dose,PER DOSE,130.639,20.000,,,,,,
J7325,Synvisc or synvisc-one,1 MG,9.122,20.000,,,,,,
J7326,Gel-one,per dose,497.289,20.000,,,,,,
J7327,Monovisc inj per dose,PER DOSE,714.367,20.000,,,,,,
J7328,Gelsyn-3 injection 0.1 mg,0.1 MG,0.489,20.000,,,,,,
J7329,"Inj, trivisc 1 mg",1 MG,7.907,20.000,,,,,,
J7331,"Synojoynt, inj., 1 mg",1 MG,11.335,20.000,,,,,,
J7332,"Inj., triluron, 1 mg",1 MG,10.270,20.000,,,,,,
J7336,Capsaicin 8% patch,1 SQ CM,3.272,20.000,,,,,,
J7340,Carbidopa levodopa ent 100ml,100 ML,227.757,20.000,,,,,,
J7345,"Aminolevulinic acid, 10% gel",10 MG,1.647,20.000,,,,,,
J7351,Inj bimatoprost itc imp1mcg,1 MCG,206.205,20.000,,,,,,
J7402,Mometasone sinus sinuva,10 MCG,11.345,20.000,,,,,,
J7500,Azathioprine oral 50mg,50 MG,4.559,20.000,,,,,,
J7502,Cyclosporine oral 100 mg,100 MG,2.264,20.000,,,,,,
J7503,Tacrol envarsus ex rel oral,0.25 MG,1.733,19.812,,,,,,Inflation-adjusted coinsurance
J7504,Lymphocyte immune globulin,250 MG,3591.458,15.373,,,,,,Inflation-adjusted coinsurance
J7507,Tacrolimus imme rel oral 1mg,1 MG,0.236,20.000,,,,,,
J7508,Tacrol astagraf ex rel oral,0.1 MG,0.552,20.000,,,,,,
J7509,Methylprednisolone oral,4 MG,0.227,20.000,,,,,,
J7510,Prednisolone oral per 5 mg,5 MG,0.419,20.000,,,,,,
J7511,Antithymocyte globuln rabbit,25 MG,929.026,20.000,,,,,,
J7512,Prednisone ir or dr oral 1mg,1 MG,0.007,20.000,,,,,,
J7515,Cyclosporine oral 25 mg,25 MG,0.837,20.000,,,,,,
J7517,Mycophenolate mofetil oral,250 MG,0.188,20.000,,,,,,
J7518,Mycophenolic acid,180 MG,0.628,20.000,,,,,,
J7519,Inj. mycophenolate mofetil,10 MG,0.727,20.000,,,,,,Added January 2024
J7520,"Sirolimus, oral",1 MG,2.672,20.000,,,,,,
J7525,Tacrolimus injection,5 MG,248.735,20.000,,,,,,
J7527,Oral everolimus,0.25 MG,2.751,20.000,,,,,,
J7605,Arformoterol non-comp unit,15 mcg,2.316,20.000,,,,,,
J7606,"Formoterol fumarate, inh",20 MCG,4.101,20.000,,,,,,
J7608,Acetylcysteine non-comp unit,1 GM,6.825,20.000,,,,,,
J7611,Albuterol non-comp con,1 MG,0.149,20.000,,,,,,
J7612,Levalbuterol non-comp con,0.5 MG,0.308,20.000,,,,,,
J7613,Albuterol non-comp unit,1 MG,0.040,20.000,,,,,,
J7614,Levalbuterol non-comp unit,0.5 MG,0.045,20.000,,,,,,
J7620,Albuterol ipratrop non-comp,2.5 MG/0.5 MG,0.173,20.000,,,,,,
J7626,Budesonide non-comp unit,0.5 MG,1.006,20.000,,,,,,
J7631,Cromolyn sodium noncomp unit,10 MG,1.031,20.000,,,,,,
J7639,Dornase alfa non-comp unit,1 MG,52.077,20.000,,,,,,
J7644,Ipratropium bromide non-comp,1 MG,0.323,20.000,,,,,,
J7674,"Methacholine chloride, neb",1 MG,0.860,20.000,,,,,,
J7677,Revefenacin inh non-com 1mcg,1 MCG,0.187,20.000,,,,,,
J7682,Tobramycin non-comp unit,300 MG,21.794,20.000,,,,,,
J7686,"Treprostinil, non-comp unit", 1.74 MG,730.320,20.000,,,,,,
J8501,Oral aprepitant,5 MG,4.225,20.000,,,,,,
J8520,"Capecitabine, oral, 150 mg",150 MG,0.245,20.000,,,,,,
J8521,"Capecitabine, oral, 500 mg",500 MG,0.574,20.000,,,,,,
J8530,Cyclophosphamide oral 25 mg,25 MG,0.618,20.000,,,,,,
J8540,Oral dexamethasone,0.25 MG,0.083,20.000,,,,,,
J8560,Etoposide oral 50 mg,50 MG,76.610,20.000,,,,,,
J8610,Methotrexate oral 2.5 mg,2.5 MG,0.267,20.000,,,,,,
J8655,"Oral netupitant, palonosetro",0.5 MG,410.058,18.035,,,,,,Inflation-adjusted coinsurance
J8670,"Rolapitant, oral, 1mg",1 MG,1.593,20.000,,,,,,
J8700,Temozolomide,5 MG,0.281,20.000,,,,,,
J8705,Topotecan oral,0.25 mg,113.491,20.000,,,,,,
J9000,Doxorubicin hcl injection,10 MG,3.279,20.000,,,,,,
J9017,Arsenic trioxide injection,1 MG,15.783,20.000,,,,,,
J9021,"Inj, aspara, rylaze, 0.1 mg",0.1 MG,50.957,20.000,,,,,,
J9022,"Inj, atezolizumab,10 mg",10 MG,85.011,20.000,,,,,,
J9023,"Injection, avelumab, 10 mg",10 MG,92.369,20.000,,,,,,
J9025,Azacitidine injection,1 MG,0.353,20.000,,,,,,
J9027,Clofarabine injection,1 MG,21.385,20.000,,,,,,
J9030,Bcg live intravesical 1mg,1 MG,2.890,20.000,,,,,,
J9032,"Injection, belinostat, 10mg",10 MG,48.884,20.000,,,,,,
J9033,"Inj., treanda 1 mg",1 MG,9.191,20.000,,,,,,
J9034,"Inj., bendeka 1 mg",1 MG,14.756,20.000,,,,,,
J9035,Bevacizumab injection,10 MG,74.073,20.000,,,,,,
J9036,Inj. belrapzo/bendamustine,1 MG,13.089,20.000,,,,,,
J9039,"Injection, blinatumomab",1 MCG,145.565,19.633,,,,,,Inflation-adjusted coinsurance
J9040,Bleomycin sulfate injection,15 UNITS,21.024,20.000,,,,,,
J9041,"Injection, bortezomib, 0.1mg",0.1 MG,1.959,20.000,,,,,,
J9042,Brentuximab vedotin inj,1 MG,230.614,19.172,,,,,,Inflation-adjusted coinsurance
J9043,Cabazitaxel injection,1 MG,210.453,20.000,,,,,,
J9045,Carboplatin injection,50 MG,3.599,20.000,,,,,,
J9047,"Injection, carfilzomib, 1 mg",1 MG,47.085,20.000,,,,,,
J9049,"Inj, bortezomib, hospira",0.1 MG,1.520,20.000,,,,,,
J9050,Carmustine injection,100 MG,271.465,20.000,,,,,,
J9052,"Inj, carmustine (accord)",100 MG,18.401,20.000,,,,,,Added January 2024
J9055,Cetuximab injection,10 MG,73.720,20.000,,,,,,
J9056,"Inj, bendamustine, 1 mg",1 MG,33.453,20.000,,,,,,
J9058,Inj apotex/bendamustine 1 mg,1 MG,20.778,20.000,,,,,,
J9059,"Inj bendamustine, baxter 1mg",1 MG,20.778,20.000,,,,,,
J9060,Cisplatin 10 mg injection,10 MG,4.039,20.000,,,,,,
J9061,"Inj, amivantamab-vmjw",2 MG,19.975,20.000,,,,,,
J9063,"Inj, elahere, 1 mg",1 MG,65.710,20.000,,,,,,
J9065,Inj cladribine per 1 mg,1 MG,15.773,20.000,,,,,,
J9070,Cyclophosphamide 100 mg inj,100 MG,20.153,20.000,,,,,,
J9071,Inj cyclophosphamd auromedic,5 MG,1.791,20.000,,,,,,
J9100,Cytarabine hcl 100 mg inj,100 MG,0.973,20.000,,,,,,
J9118,Inj. calaspargase pegol-mknl,10 UNIT,72.883,20.000,,,,,,
J9119,"Inj., cemiplimab-rwlc, 1 mg",1 MG,27.461,20.000,,,,,,
J9120,Dactinomycin injection,0.5 MG,668.904,20.000,,,,,,
J9130,Dacarbazine 100 mg inj,100 MG,3.733,20.000,,,,,,
J9144,"Daratumumab, hyaluronidase",10 MG,49.051,20.000,,,,,,
J9145,"Injection, daratumumab 10 mg",10 MG,61.705,20.000,,,,,,
J9150,Daunorubicin injection,10 MG,35.671,20.000,,,,,,
J9153,"Inj daunorubicin, cytarabine",1 MG/2.27 MG,231.764,20.000,,,,,,
J9155,Degarelix injection,1 MG,4.187,20.000,,,,,,
J9171,Docetaxel injection,1 MG,0.995,20.000,,,,,,
J9173,"Inj., durvalumab, 10 mg",10 MG,80.706,20.000,,,,,,
J9176,"Injection, elotuzumab, 1mg",1 MG,7.380,20.000,,,,,,
J9177,Inj enfort vedo-ejfv 0.25mg,0.25 MG,35.028,19.392,,,,,,Inflation-adjusted coinsurance
J9178,"Inj, epirubicin hcl, 2 mg",2 MG,1.380,20.000,,,,,,
J9179,Eribulin mesylate injection,0.1 MG,134.017,20.000,,,,,,
J9181,Etoposide injection,10 MG,0.993,20.000,,,,,,
J9185,Fludarabine phosphate inj,50 MG,173.969,20.000,,,,,,
J9190,Fluorouracil injection,500 MG,3.215,20.000,,,,,,
J9196,Inj gemcitabine hcl (accord),200 MG,8.775,10.588,,,,,,Inflation-adjusted coinsurance
J9198,"Inj. infugem, 100 mg",100 MG,40.280,20.000,,,,,,
J9200,Floxuridine injection,500 MG,3722.039,20.000,,,,,,
J9201,In gemcitabine hcl nos 200mg,200 MG,3.651,20.000,,,,,,
J9202,Goserelin acetate implant,3.6 MG,609.009,20.000,,,,,,
J9203,Gemtuzumab ozogamicin 0.1 mg,0.1 MG,226.280,20.000,,,,,,
J9204,"Inj mogamulizumab-kpkc, 1 mg",1 MG,234.165,20.000,,,,,,
J9205,Inj irinotecan liposome 1 mg,1 MG,62.020,20.000,,,,,,
J9206,Irinotecan injection,20 MG,1.945,20.000,,,,,,
J9207,Ixabepilone injection,1 MG,128.074,20.000,,,,,,
J9208,Ifosfamide injection,1 GM,26.752,20.000,,,,,,
J9209,Mesna injection,200 MG,1.372,20.000,,,,,,
J9210,"Inj., emapalumab-lzsg, 1 mg",1 MG,375.657,20.000,,,,,,
J9211,Idarubicin hcl injection,5 MG,42.930,20.000,,,,,,
J9217,Leuprolide acetate suspnsion,7.5 MG,181.302,20.000,,,,,,
J9218,Leuprolide acetate injeciton,1 MG,13.745,20.000,,,,,,
J9223,"Inj. lurbinectedin, 0.1 mg",0.1 MG,200.009,20.000,,,,,,
J9226,Supprelin la implant,50 MG,44575.935,20.000,,,,,,
J9227,Inj. isatuximab-irfc 10 mg,10 MG,76.497,20.000,,,,,,
J9228,Ipilimumab injection,1 MG,172.419,20.000,,,,,,
J9229,Inj inotuzumab ozogam 0.1 mg,0.1 MG,2580.145,20.000,,,,,,
J9245,Inj melpha hydroch nos 50 mg,50 MG,148.021,20.000,,,,,,
J9246,"Inj., evomela, 1 mg",1 MG,16.487,20.000,,,,,,
J9250,Methotrexate sodium inj,5 MG,0.307,20.000,,,,,,
J9259,Paclitaxel (american regent),1 MG,15.453,20.000,,,,,,
J9260,Methotrexate sodium inj,50 MG,3.033,20.000,,,,,,
J9261,Nelarabine injection,50 MG,110.982,20.000,,,,,,
J9262,"Inj, omacetaxine mep, 0.01mg",0.01 MG,3.960,19.536,,,,,,Inflation-adjusted coinsurance
J9263,Oxaliplatin,0.5 MG,0.071,20.000,,,,,,
J9264,Paclitaxel protein bound,1 MG,14.294,20.000,,,,,,
J9266,Pegaspargase injection,1 EA,25781.458,19.531,,,,,,Inflation-adjusted coinsurance
J9267,Paclitaxel injection,1 MG,0.108,20.000,,,,,,
J9268,Pentostatin injection,10 MG,2273.153,20.000,,,,,,
J9269,Inj. tagraxofusp-erzs 10 mcg,10 MCG,325.555,20.000,,,,,,
J9271,Inj pembrolizumab,1 MG,55.730,20.000,,,,,,
J9272,"Inj, dostarlimab-gxly, 10 mg",10 MG,233.258,20.000,,,,,,
J9273,"Inj tisotu vedotin-tftv, 1mg",1 MG,168.310,20.000,,,,,,
J9274,"Inj, tebentafusp-tebn, 1 mcg",1 MCG,208.926,20.000,,,,,,
J9280,Mitomycin injection,5 MG,63.348,20.000,,,,,,
J9281,Mitomycin instillation,1 MG,300.747,20.000,,,,,,
J9286,"Inj glofitamab gxbm, 2.5 mg",2.5 MG,2707.928,20.000,,,,,,Added January 2024
J9293,Mitoxantrone hydrochl / 5 mg,5 MG,43.578,20.000,,,,,,
J9294,"Inj pemetrexed, hospira 10mg",10 MG,10.554,20.000,,,,,,
J9295,"Injection, necitumumab, 1 mg",1 MG,5.737,20.000,,,,,,
J9297,Inj pemetrexed (sandoz) 10mg,10 MG,1.296,20.000,,,,,,
J9298,Inj nivol relatlimab 3mg/1mg,3 mg/1 mg,187.153,20.000,,,,,,
J9299,"Injection, nivolumab",1 MG,31.089,20.000,,,,,,
J9301,Obinutuzumab inj,10 MG,70.342,20.000,,,,,,
J9303,Panitumumab injection,10 MG,150.659,19.948,,,,,,Inflation-adjusted coinsurance
J9304,"Inj. pemetrexed, 10 mg",10 MG,62.318,20.000,,,,,,
J9305,Inj. pemetrexed nos 10mg,10 MG,4.371,20.000,,,,,,
J9306,"Injection, pertuzumab, 1 mg",1 MG,15.427,20.000,,,,,,
J9307,Pralatrexate injection,1 MG,289.141,20.000,,,,,,
J9308,"Injection, ramucirumab",5 MG,70.244,20.000,,,,,,
J9309,"Inj, polatuzumab vedotin 1mg",1 MG,124.289,20.000,,,,,,
J9311,"Inj rituximab, hyaluronidase",10 mg,37.405,20.000,,,,,,
J9312,"Inj., rituximab, 10 mg",10 MG,79.198,20.000,,,,,,
J9313,"Inj., lumoxiti, 0.01 mg",0.01 MG,23.394,20.000,,,,,,
J9316,"Pertuzu, trastuzu, 10 mg",10 MG,67.051,20.000,,,,,,
J9317,Sacituzumab govitecan-hziy,2.5 MG,34.077,20.000,,,,,,
J9319,Inj romidepsin lyophil 0.1mg,0.1 MG,31.961,20.000,,,,,,
J9321,Inj epcoritamab-bysp 0.16 mg,0.16 MG,53.797,20.000,,,,,,Added January 2024
J9323,Inj pemetrexed ditromethamin,10 MG,6.011,20.000,,,,,,Added January 2024
J9325,Inj talimogene laherparepvec,1 million�PFU,66.587,19.837,,,,,,Inflation-adjusted coinsurance
J9328,Temozolomide injection,1 MG,10.403,20.000,,,,,,
J9330,Temsirolimus injection,1 MG,30.993,20.000,,,,,,
J9331,Inj sirolimus prot part 1 mg,1 MG,109.288,20.000,,,,,,
J9332,Inj efgartigimod 2mg,2 MG,32.080,20.000,,,,,,
J9340,Thiotepa injection,15 MG,251.205,20.000,,,,,,
J9345,"Inj, retifanlimab-dlwr, 1 mg",1 MG,29.834,20.000,,,,,,Added January 2024
J9347,"Inj, tremelimumab-actl, 1 mg",1 MG,136.093,20.000,,,,,,
J9348,"Inj. naxitamab-gqgk, 1 mg",1 MG,609.765,20.000,,,,,,
J9349,"Inj., tafasitamab-cxix",2 MG,13.596,20.000,,,,,,
J9350,"Inj mosunetuzumab-axgb, 1 mg",1 MG,629.635,20.000,,,,,,
J9351,Topotecan injection,0.1 MG,0.781,20.000,,,,,,
J9352,Injection trabectedin 0.1mg,0.1 MG,338.399,20.000,,,,,,
J9353,"Inj. margetuximab-cmkb, 5 mg",5 MG,47.051,20.000,,,,,,
J9354,"Inj, ado-trastuzumab emt 1mg",1 MG,38.368,20.000,,,,,,
J9355,Inj trastuzumab excl biosimi,10 MG,80.465,20.000,,,,,,
J9356,"Inj. herceptin hylecta, 10mg",10 MG,66.022,20.000,,,,,,
J9357,Valrubicin injection,200 MG,1363.848,20.000,,,,,,
J9358,Inj fam-trastu deru-nxki 1mg,1 MG,27.310,20.000,,,,,,updated April 2024
J9359,Inj lon tesirin-lpyl 0.075mg,0.075 MG,200.627,20.000,,,,,,
J9360,Vinblastine sulfate inj,1 MG,4.216,20.000,,,,,,
J9370,Vincristine sulfate 1 mg inj,1 MG,7.725,20.000,,,,,,
J9380,Inj teclistamab cqyv 0.5 mg,0.5 MG,30.847,20.000,,,,,,
J9381,Inj teplizumab mzwv 5 mcg,5 MCG,36.255,20.000,,,,,,
J9390,Vinorelbine tartrate inj,10 MG,7.416,20.000,,,,,,
J9394,"Inj, fulvestrant (fresenius)",25 MG,53.000,12.170,,,,,,Inflation-adjusted coinsurance
J9395,"Injection, fulvestrant",25 MG,8.445,20.000,,,,,,
J9400,"Inj, ziv-aflibercept, 1mg",1 MG,7.282,20.000,,,,,,
P9041,"Albumin (human),5%, 50ml",50 ML,10.615,20.000,,,95,10.615,,
P9045,"Albumin (human), 5%, 250 ml",250 ML,53.077,20.000,,,95,53.077,,
P9046,"Albumin (human), 25%, 20 ml",20 ML,21.231,20.000,,,95,21.231,,
P9047,"Albumin (human), 25%, 50ml",50 ML,53.077,20.000,,,95,53.077,,
Q0138,"Ferumoxytol, non-esrd",1 MG,0.357,20.000,,,,,,
Q0139,"Ferumoxytol, esrd use",1 MG,0.357,20.000,,,,,,
Q0162,Ondansetron oral,1 MG,0.014,20.000,,,,,,
Q0167,Dronabinol 2.5mg oral,2.5 MG,0.811,20.000,,,,,,
Q2041,Axicabtagene ciloleucel car+,UP TO 200 MILLION CAR T CELLS,449440.000,20.000,,,,,,
Q2042,Tisagenlecleucel car-pos t,up to 600 million CAR-positive viable T cells,511072.497,19.455,,,,,,Inflation-adjusted coinsurance
Q2043,Sipuleucel-t auto cd54+,Per infusion (minimum 50 million cells),53426.656,20.000,,,,,,
Q2050,Doxorubicin inj 10mg,10 MG,85.484,20.000,,,,,,
Q2053,Brexucabtagene car pos t,UP TO 200 MILLION AUTOLOGOUS ANTI-CD19 CAR POSITIVE VIABLE T CELLS,449440.000,20.000,,,,,,
Q2054,Lisocabtagene mara car pos t,"Up to 110 million CAR-positive viable T cells, per therapeutic dose",473853.516,20.000,,,,,,
Q2055,Idecabtagene vicleucel car,UP TO 460 MILLION AUTOLOGOUS ANTI-BCMA CAR-POSITIVE VIABLE T CELLS,484690.300,20.000,,,,,,
Q2056,Ciltacabtagene car-pos t,up to 100 million autologous b-cell maturation antigen (bcma) directed car-positive t cells,507195.920,20.000,,,,,,
Q3027,Inj beta interferon im 1 mcg,1 MCG,53.691,20.000,,,,,,
Q4074,Iloprost non-comp unit dose,UP TO 20 MCG,146.666,20.000,,,,,,
Q4081,"Epoetin alfa, 100 units esrd",100 UNITS,0.889,20.000,,,,,,
Q4101,Apligraf,1 SQ CM,30.401,20.000,,,,,,
Q4102,Oasis wound matrix,1 SQ CM,13.407,20.000,,,,,,
Q4103,Oasis burn matrix,1 SQ CM,12.989,20.000,,,,,,
Q4104,Integra bmwd,1 SQ CM,49.534,20.000,,,,,,
Q4105,Integra drt or omnigraft,1 SQ CM,25.344,20.000,,,,,,
Q4106,Dermagraft,1 SQ CM,44.944,20.000,,,,,,
Q4108,Integra matrix,1 SQ CM,44.360,20.000,,,,,,
Q4110,Primatrix,1 SQ CM,39.055,20.000,,,,,,
Q4111,Gammagraft,1 SQ CM,7.437,20.000,,,,,,
Q4114,Integra flowable wound matri,1 CC,1507.000,20.000,,,,,,
Q4115,Alloskin,1 SQ CM,12.130,20.000,,,,,,
Q4117,Hyalomatrix,1 SQ CM,16.913,20.000,,,,,,
Q4118,Matristem micromatrix,1 MG,2.548,20.000,,,,,,
Q4121,Theraskin,1 SQ CM,45.000,20.000,,,,,,
Q4123,Alloskin,1 SQ CM,37.602,20.000,,,,,,
Q4124,Oasis tri-layer wound matrix,1 SQ CM,9.284,20.000,,,,,,
Q4126,Memoderm/derma/tranz/integup,1 SQ CM,78.343,20.000,,,,,,
Q4127,Talymed,1 SQ CM,68.487,20.000,,,,,,
Q4128,Flexhd/allopatchhd/sq cm,1 SQ CM,30.732,20.000,,,,,,
Q4132,"Grafix core, grafixpl core",1 SQ CM,158.237,20.000,,,,,,
Q4133,Grafix stravix prime pl sqcm,1 SQ CM,136.324,20.000,,,,,,
Q4137,Amnioexcel biodexcel 1sq cm,1 SQ CM,113.678,20.000,,,,,,
Q4141,"Alloskin ac, 1 cm",1 SQ CM,39.449,20.000,,,,,,
Q4143,"Repriza, 1cm",1 SQ CM,29.680,20.000,,,,,,
Q4147,Architect ecm px fx 1 sq cm,1 SQ CM,147.222,20.000,,,,,,
Q4150,Allowrap ds or dry 1 sq cm,1 SQ CM,77.655,20.000,,,,,,
Q4151,"Amnioband, guardian 1 sq cm",1 SQ CM,132.875,20.000,,,,,,
Q4152,Dermapure 1 square cm,1 SQ CM,50.416,20.000,,,,,,
Q4153,"Dermavest, plurivest sq cm",1 SQ CM,116.257,20.000,,,,,,
Q4154,Biovance 1 square cm,1 SQ CM,148.462,20.000,,,,,,
Q4159,Affinity1 square cm,1 SQ CM,359.662,20.000,,,,,,
Q4160,Nushield 1 square cm,1 SQ CM,97.987,20.000,,,,,,
Q4161,Bio-connekt per square cm,1 SQ CM,138.294,20.000,,,,,,
Q4163,"Woundex, bioskin, per sq cm",1 SQ CM,168.638,20.000,,,,,,
Q4164,"Helicoll, per square cm",1 SQ CM,1335.383,20.000,,,,,,
Q4166,"Cytal, per square centimeter",1 SQ CM,18.554,20.000,,,,,,
Q4169,"Artacent wound, per sq cm",1 SQ CM,176.057,20.000,,,,,,
Q4170,"Cygnus, per sq cm",1 SQ CM,46.156,20.000,,,,,,
Q4171,"Interfyl, 1 mg",1 MG,11.743,20.000,,,,,,
Q4173,Palingen or palingen xplus,1 SQ CM,383.249,20.000,,,,,,
Q4175,Miroderm,1 SQ CM,63.677,20.000,,,,,,
Q4178,"Floweramniopatch, per sq cm",1 SQ CM,86.515,20.000,,,,,,
Q4180,"Revita, per sq cm",1 SQ CM,614.649,20.000,,,,,,
Q4186,Epifix 1 sq cm,1 SQ CM,151.600,20.000,,,,,,
Q4187,Epicord 1 sq cm,1 SQ CM,245.773,20.000,,,,,,
Q4190,Artacent ac 1 sq cm,1 SQ CM,442.118,20.000,,,,,,
Q4191,Restorigin 1 sq cm,1 SQ CM,1537.000,20.000,,,,,,Added January 2024
Q4196,Puraply am 1 sq cm,1 SQ CM,103.771,20.000,,,,,,
Q4197,Puraply xt 1 sq cm,1 SQ CM,122.982,20.000,,,,,,
Q4199,"Cygnus matrix, per sq cm",1 SQ CM,317.835,20.000,,,,,,
Q4201,Matrion 1 sq cm,1 SQ CM,104.216,20.000,,,,,,
Q4203,"Derma-gide, 1 sq cm",1 SQ CM,206.735,20.000,,,,,,
Q4205,Membrane graft or wrap sq cm,1 SQ CM,1463.274,20.000,,,,,,
Q4210,Axolotl graf dualgraf sq cm,1 SQ CM,848.000,20.000,,,,,,
Q4217,Woundfix biowound plus xplus,1 SQ CM,781.154,20.000,,,,,,
Q4221,Amniowrap2 per sq cm,1 SQ CM,1696.000,20.000,,,,,,Added January 2024
Q4222,"Progenamatrix, per sq cm",1 SQ CM,91.082,20.000,,,,,,
Q4226,Myown harv prep proc sq cm,1 SQ CM,386.492,20.000,,,,,,
Q4227,Amniocore per sq cm,1 SQ CM,96.187,20.000,,,,,,
Q4229,Cogenex amnio memb per sq cm,1 SQ CM,106.016,20.000,,,,,,
Q4231,"Corplex p, per cc",1 CC,1487.180,20.000,,,,,,Added January 2024
Q4232,"Corplex, per sq cm",1 SQ CM,69.615,20.000,,,,,,
Q4234,"Xcellerate, per sq cm",1 SQ CM,628.886,20.000,,,,,,
Q4235,Amniorepair or altiply sq cm,1 SQ CM,147.064,20.000,,,,,,
Q4236,Carepatch per sq cm,1 SQ CM,868.138,20.000,,,,,,
Q4238,"Derm-maxx, per sq cm",1 SQ CM,1590.000,20.000,,,,,,Added January 2024
Q4239,Amnio-maxx or lite per sq cm,1 SQ CM,68.678,20.000,,,,,,Added January 2024
Q4246,"Coretext or protext, per cc",1 CC,2968.000,20.000,,,,,,
Q4247,"Amniotext patch, per sq cm",1 SQ CM,530.000,20.000,,,,,,
Q4248,Dermacyte amn mem allo sq cm,1 SQ CM,1079.089,20.000,,,,,,
Q4252,"Vendaje, per square centimet",1 SQ CM,295.979,20.000,,,,,,
Q4253,Zenith amniotic membrane psc,1 SQ CM,470.747,20.000,,,,,,
Q4258,"Enverse, per sq cm",1 SQ CM,73.648,20.000,,,,,,
Q4262,"Dual layer impax, per sq cm",1 SQ CM,1170.957,20.000,,,,,,
Q4263,"Surgraft tl, per sq cm",1 SQ CM,1054.305,20.000,,,,,,Added January 2024
Q4267,Neostim dl per sq cm,1 SQ CM,874.500,20.000,,,,,,Added January 2024
Q4278,"Epieffect, per sq cm",1 SQ CM,527.995,20.000,,,,,,
Q4282,Cygnus dual per sq cm,1 SQ CM,903.276,20.000,,,,,,Added January 2024
Q5101,"Injection, zarxio",1 MCG,0.319,20.000,,,,,,8% of reference add-on applied
Q5103,"Injection, inflectra",10 MG,14.294,20.000,,,,,,8% of reference add-on applied
Q5104,"Injection, renflexis",10 MG,31.499,20.000,,,,,,8% of reference add-on applied
Q5105,Inj retacrit esrd on dialysi,100 UNITS,0.782,20.000,,,,,,8% of reference add-on applied
Q5106,Inj retacrit non-esrd use,1000 UNITS,7.824,20.000,,,,,,8% of reference add-on applied
Q5107,Inj mvasi 10 mg,10 MG,25.620,20.000,,,,,,8% of reference add-on applied
Q5108,"Injection, fulphila",0.5 MG,122.540,20.000,,,,,,
Q5110,Nivestym,1 MCG,0.291,20.000,,,,,,8% of reference add-on applied
Q5111,"Injection, udenyca 0.5 mg",0.5 MG,122.103,20.000,,,,,,
Q5112,Inj ontruzant 10 mg,10 MG,38.936,20.000,,,,,,8% of reference add-on applied
Q5113,Inj herzuma 10 mg,10 MG,40.307,20.000,,,,,,8% of reference add-on applied
Q5114,Inj ogivri 10 mg,10 MG,44.428,20.000,,,,,,8% of reference add-on applied
Q5115,Inj truxima 10 mg,10 MG,35.892,20.000,,,,,,8% of reference add-on applied
Q5116,"Inj., trazimera, 10 mg",10 MG,16.367,20.000,,,,,,8% of reference add-on applied
Q5117,"Inj., kanjinti, 10 mg",10 MG,13.450,20.000,,,,,,8% of reference add-on applied
Q5118,"Inj., zirabev, 10 mg",10 MG,21.511,20.000,,,,,,8% of reference add-on applied
Q5119,"Inj ruxience, 10 mg",10 MG,20.447,20.000,,,,,,8% of reference add-on applied
Q5121,"Inj. avsola, 10 mg",10 MG,25.555,20.000,,,,,,8% of reference add-on applied
Q5122,"Inj, nyvepria",0.5 MG,62.377,20.000,,,,,,
Q5123,"Inj. riabni, 10 mg",10 MG,41.419,20.000,,,,,,8% of reference add-on applied
Q5124,"Inj. byooviz, 0.1 mg",0.1 MG,187.511,20.000,,,,,,8% of reference add-on applied
Q5125,"Inj, releuko 1 mcg",1 MCG,0.539,20.000,,,,,,8% of reference add-on applied
Q5126,Inj alymsys 10 mg,10 MG,60.584,20.000,,,,,,8% of reference add-on applied
Q5127,"Inj, stimufend, 0.5 mg",0.5 MG,328.640,20.000,,,,,,
Q5128,"Inj, cimerli, 0.1 mg",0.1 MG,262.079,20.000,,,,,,
Q5129,"Inj, vegzelma, 10 mg",10 MG,72.412,20.000,,,,,,8% of reference add-on applied
Q5130,"Inj, fylnetra, 0.5 mg",0.5 MG,201.974,20.000,,,,,,
Q9950,Inj sulf hexa lipid microsph,1 ML,18.907,20.000,,,,,,
Q9956,"Inj octafluoropropane mic,ml",1 ML,42.159,20.000,,,,,,
Q9957,"Inj perflutren lip micros,ml",1 ML,42.159,20.000,,,,,,
Q9958,"Hocm <=149 mg/ml iodine, 1ml",1 ML,0.084,20.000,,,,,,
Q9961,"Hocm 250-299mg/ml iodine,1ml",1 ML,0.276,20.000,,,,,,
Q9963,"Hocm 350-399mg/ml iodine,1ml",1 ML,0.210,20.000,,,,,,
Q9965,"Locm 100-199mg/ml iodine,1ml",1 ML,1.366,20.000,,,,,,
Q9966,"Locm 200-299mg/ml iodine,1ml",1 ML,0.373,20.000,,,,,,
Q9967,"Locm 300-399mg/ml iodine,1ml",1 ML,0.118,20.000,,,,,,
Q9991,Buprenorph xr 100 mg or less,Less than or equal to 100 MG,1887.113,20.000,,,,,,
Q9992,Buprenorphine xr over 100 mg,Greater than 100 MG,1887.113,20.000,,,,,,
