Payment Allowance Limits for Medicare Part B Drugs,,,,,,,,,,
,,,,,,,,,,
"Effective April 1, 2025 through June 30, 2025",,,,,,,,,,
,,,,,,,,,,
Note 1: Payment allowance limits subject to the ASP methodology are based on 4Q24 ASP data.,,,,,,,,,,
Note 2: The absence or presence of a HCPCS code and the payment allowance limits in this table does not indicate whether Medicare covers a drug.  These determinations shall be made by the local Medicare contractor processing the claim.,,,,,,,,,,
,,,,,,,,,,
,,,,,,,,,,
HCPCS Code,Short Description,HCPCS Code Dosage,Payment Limit,Co-insurance Percentage,Vaccine AWP%,Vaccine Limit,Blood AWP%,Blood limit,Clotting Factor,Notes
90371,Hep b ig im,1 ML,143.215,20.000,,,,,,
90375,Rabies ig im/sc,150 IU,289.914,20.000,,,,,,
90377,Rabies ig ht&sol human im/sc,150 IU,241.148,20.000,,,,,,
90586,Bcg vaccine intravesical,1 EACH,156.962,20.000,,,,,,
90632,Hepa vaccine adult im,1 ML,72.157,20.000,,,,,,
90653,Iiv adjuvant vaccine im,0.5 ML,83.490,0.000,95,83.490,,,,see the Seasonal Influenza Vaccines Pricing webpage for current payment limits and effective dates
90656,IIV3 VACC NO PRSV 0.5 ML IM,0.5 ML,22.350,0.000,95,22.350,,,,see the Seasonal Influenza Vaccines Pricing webpage for current payment limits and effective dates
90657,IIV3 VACCINE SPLT 0.25 ML IM,0.25 ML,10.929,0.000,95,10.929,,,,see the Seasonal Influenza Vaccines Pricing webpage for current payment limits and effective dates
90658,IIV3 VACCINE SPLT 0.5 ML IM,0.5 ML,21.858,0.000,95,21.858,,,,see the Seasonal Influenza Vaccines Pricing webpage for current payment limits and effective dates
90660,LAIV3 Vaccine Intranasal ,0.2 ML,28.871,0.000,95,28.871,,,,see the Seasonal Influenza Vaccines Pricing webpage for current payment limits and effective dates
90661,CCIIV3 VACCINE NO PRSC 0.5ML IM,0.5 ML,36.849,0.000,95,36.849,,,,see the Seasonal Influenza Vaccines Pricing webpage for current payment limits and effective dates
90662,Iiv no prsv increased ag im,0.5 ML,83.492,0.000,95,83.492,,,,see the Seasonal Influenza Vaccines Pricing webpage for current payment limits and effective dates
90670,Pcv13 vaccine im,0.5 ML,257.989,0.000,95,257.989,,,,
90671,PCV15 vaccine IM,1 EA,261.146,0.000,95,261.146,,,,
90673,Riv3 vaccine no preserv im,0.5 ML,83.492,0.000,95,83.492,,,,see the Seasonal Influenza Vaccines Pricing webpage for current payment limits and effective dates
90675,Rabies vaccine im,1 ML,317.673,20.000,,,,,,
90677,Pcv20 vaccine im,0.5 ML,312.902,0.000,95,312.902,,,,
90684,PCV21 VACCINE IM,0.5 ML,327.893,0.000,95,327.893,,,,
90714,Td vacc no presv 7 yrs+ im,0.5 ML,33.960,20.000,,,,,,
90715,Tdap vaccine 7 yrs/> im,0.5 ML,39.070,20.000,,,,,,
90732,Ppsv23 vacc 2 yrs+ subq/im,0.5 ML,133.472,0.000,95,133.472,,,,
90739,Hepb vacc 2 dose adult im,1 DOSE,177.555,0.000,95,177.555,,,,
90740,Hepb vacc 3 dose immunsup im,40 MCG,164.422,0.000,95,164.422,,,,
90743,"Hep b vacc, adol, 2 dose, im",1 DOSE,75.145,0.000,95,75.145,,,,
90744,Hepb vacc 3 dose ped/adol im,1 DOSE,31.671,0.000,95,31.671,,,,
90746,Hepb vaccine 3 dose adult im,20 MCG,70.376,0.000,95,70.376,,,,
90747,Hepb vacc 4 dose immunsup im,40 MCG,140.752,0.000,95,140.752,,,,
90759,Hep b vac 3ag 10mcg 3 dos im,10 MCG,73.815,0.000,95,73.815,,,,
91304,SARSCOV2 VAC 5MCG/0.5ML IM,0.5 ML,161.538,0.000,95,161.538,,,,See COVID-19 vaccine pricing webpage for payment effective dates
91318,SARSCOV2 VAC 3MCG TRS-SUC IM,0.3 ML,65.550,0.000,95,65.550,,,,See COVID-19 vaccine pricing webpage for payment effective dates
91319,SARSCV2 VAC 10MCG TRS-SUC IM,0.3 ML,87.780,0.000,95,87.780,,,,See COVID-19 vaccine pricing webpage for payment effective dates
91320,SARSCV2 VAC 30MCG TRS-SUC IM,0.3 ML,155.895,0.000,95,155.895,,,,See COVID-19 vaccine pricing webpage for payment effective dates
91321,SARSCOV2 VAC 25 MCG/.25ML IM,0.25 ML,147.060,0.000,95,147.060,,,,See COVID-19 vaccine pricing webpage for payment effective dates
91322,SARSCOV2 VAC 50 MCG/0.5ML IM,0.5 ML,161.652,0.000,95,161.652,,,,See COVID-19 vaccine pricing webpage for payment effective dates
A9573,"Inj, gadopiclenol, 1 ml",1 ML,3.472,20.000,,,,,,
A9575,Inj gadoterate meglumi 0.1ml,0.1 ML,0.119,20.000,,,,,,
A9576,Inj prohance multipack,1 ML,1.434,20.000,,,,,,
A9577,Inj multihance,1 ML,1.815,20.000,,,,,,
A9578,Inj multihance multipack,1 ML,1.808,20.000,,,,,,
A9579,"Gad-base mr contrast nos,1ml",1 ML,1.491,20.000,,,,,,
A9581,Gadoxetate disodium inj,1 ML,14.712,20.000,,,,,,
A9585,Gadobutrol injection,0.1 ML,0.264,20.000,,,,,,
A9589,Insti hexaminolevulinate hcl,100 MG,1378.413,20.000,,,,,,
A9606,Radium ra223 dichloride ther,1 microCurie,N/A,20.000,,,,,,"microCurie 100% AWP = $196.92
microCurie 100% WAC = $164.10"
J0121,"Inj., omadacycline, 1 mg",1 MG,3.866,20.000,,,,,,
J0122,"Inj., eravacycline, 1 mg",1 MG,1.206,20.000,,,,,,
J0129,Abatacept injection,10 MG,43.377,20.000,,,,,,"""lesser of"" methodology applied"
J0131,"Inj, acetaminophen (nos)",10 MG,0.052,20.000,,,,,,
J0132,Acetylcysteine injection,100 MG,0.446,20.000,,,,,,
J0133,Acyclovir injection,5 MG,0.035,20.000,,,,,,
J0134,Inj acetaminophen -fresenius,10 MG,0.052,20.000,,,,,,
J0136,"Inj, acetaminophen (b braun)",10 MG,0.049,20.000,,,,,,
J0137,"Inj, acetaminophen (hikma)",10 MG,0.025,20.000,,,,,,
J0138,Inj acetaminoph 10mg/ibu 3mg,10 MG/3MG,0.218,20.000,,,,,,Added April 2025
J0153,Adenosine inj 1mg,1 MG,0.386,20.000,,,,,,
J0171,Adrenalin epinephrine inject,0.1 MG,0.732,20.000,,,,,,
J0172,"Inj, aducanumab-avwa, 2 mg",2 MG,5.978,20.000,,,,,,
J0173,"Inj, epinephrine (belcher)",0.1 MG,2.252,20.000,,,,,,
J0174,"Inj, lecanemab-irmb, 1 mg",1 MG,1.330,20.000,,,,,,
J0175,"Inj, donanemab-azbt, 2 mg",2 MG,4.181,20.000,,,,,,
J0177,"Inj, aflibercept hd, 1 mg",1 MG,321.176,20.000,,,,,,
J0178,Aflibercept injection,1 MG,795.861,20.000,,,,,,
J0179,"Inj, brolucizumab-dbll, 1 mg",1 MG,339.988,20.000,,,,,,
J0180,Agalsidase beta injection,1 MG,222.839,20.000,,,,,,
J0185,"Inj., aprepitant, 1 mg",1 MG,1.710,20.000,,,,,,
J0202,"Injection, alemtuzumab",1 MG,2441.493,20.000,,,,,,
J0206,Inj allopurinol sodium 1 mg,1 MG,4.450,20.000,,,,,,
J0217,Inj velmanase alfa-tycv 1 mg,1 MG,444.976,19.679,,,,,,Inflation-adjusted coinsurance
J0218,Inj olipudase alfa-rpcp 1mg,1 MG,381.237,20.000,,,,,,
J0219,Inj aval alfa-nqpt 4mg,4 MG,77.817,20.000,,,,,,
J0221,Lumizyme injection,10 MG,201.566,20.000,,,,,,
J0222,"Inj., patisiran, 0.1 mg",0.1 MG,99.039,20.000,,,,,,
J0223,Inj givosiran 0.5 mg,0.5 MG,116.471,20.000,,,,,,
J0224,"Inj. lumasiran, 0.5 mg",0.5 MG,318.852,20.000,,,,,,
J0225,"Inj, vutrisiran, 1 mg",1 MG,4956.310,20.000,,,,,,
J0248,"Inj, remdesivir, 1 mg",1 MG,6.354,20.000,,,,,,
J0256,Alpha 1 proteinase inhibitor,10 MG,5.160,20.000,,,,,,
J0257,Glassia injection,10 MG,5.448,20.000,,,,,,
J0278,Amikacin sulfate injection,100 MG,0.601,20.000,,,,,,
J0280,Aminophyllin 250 mg inj,250 MG,11.049,20.000,,,,,,
J0281,Inj aminocaproic acid 1 gram,1 GM,1.303,20.000,,,,,,Added April 2025
J0282,Amiodarone hcl,30 MG,0.327,20.000,,,,,,
J0283,"Inj, amiodarone (nexterone)",30 MG,2.594,11.612,,,,,,Inflation-adjusted coinsurance
J0285,Amphotericin b,50 MG,50.066,20.000,,,,,,
J0287,Amphotericin b lipid complex,10 MG,10.299,20.000,,,,,,Added April 2025
J0289,Amphotericin b liposome inj,10 MG,23.307,20.000,,,,,,
J0290,Ampicillin 500 mg inj,500 MG,0.597,20.000,,,,,,
J0291,"Inj., plazomicin, 5 mg",5 MG,3.574,20.000,,,,,,
J0295,Ampicillin sulbactam 1.5 gm,1.5 GM,1.573,20.000,,,,,,
J0348,Anidulafungin injection,1 MG,0.472,20.000,,,,,,
J0349,"Inj, rezafungin, 1 mg",1 MG,10.418,19.942,,,,,,Inflation-adjusted coinsurance
J0360,Hydralazine hcl injection,20 MG,4.402,20.000,,,,,,
J0401,"Inj, abilify maintena, 1 mg",1 MG,7.033,20.000,,,,,,
J0402,"Inj, abilify asimtufii, 1 mg",1 MG,5.872,20.000,,,,,,
J0456,Azithromycin,500 MG,2.221,20.000,,,,,,
J0457,"Injection, aztreonam, 100 mg",100 MG,2.478,20.000,,,,,,
J0461,Atropine sulfate injection,0.01 MG,0.111,20.000,,,,,,
J0475,Baclofen 10 mg injection,10 MG,174.804,20.000,,,,,,
J0476,Baclofen intrathecal trial,50 MCG,53.819,20.000,,,,,,
J0480,Basiliximab,20 MG,4687.658,20.000,,,,,,
J0485,Belatacept injection,1 MG,3.891,20.000,,,,,,
J0490,Belimumab injection,10 MG,54.968,20.000,,,,,,
J0491,Inj anifrolumab-fnia 1mg,1 MG,17.777,20.000,,,,,,
J0500,Dicyclomine injection,20 MG,12.857,20.000,,,,,,
J0515,Inj benztropine mesylate,1 MG,16.765,20.000,,,,,,
J0517,"Inj., benralizumab, 1 mg",1 MG,163.300,20.000,,,,,,"""lesser of"" methodology applied"
J0558,Peng benzathine/procaine inj,"100,000 UNITS",17.368,16.732,,,,,,Inflation-adjusted coinsurance
J0561,Penicillin g benzathine inj,"100,000 UNITS",26.984,13.590,,,,,,Inflation-adjusted coinsurance
J0565,"Inj, bezlotoxumab, 10 mg",10 MG,39.869,20.000,,,,,,
J0577,"Inj, brixadi, 7 days or less",Less than or equal to 7 days of therapy ,425.404,19.491,,,,,,Inflation-adjusted coinsurance
J0578,"Inj brixadi, more than 7 day",Greater than 7 days and up to 28 days of therapy ,1701.615,19.491,,,,,,Inflation-adjusted coinsurance
J0583,Bivalirudin,1 MG,0.153,20.000,,,,,,
J0584,"Injection, burosumab-twza 1m",1 MG,469.742,18.960,,,,,,Inflation-adjusted coinsurance
J0585,"Injection,onabotulinumtoxina",1 UNIT,6.478,20.000,,,,,,
J0586,Abobotulinumtoxina,5 Unit,9.044,20.000,,,,,,
J0587,"Inj, rimabotulinumtoxinb",100 UNITS,12.996,20.000,,,,,,
J0588,Incobotulinumtoxin a,1 UNIT,5.330,20.000,,,,,,
J0589,Inj daxibotulinumtoxina-lanm,1 UNIT,2.992,20.000,,,,,,Added April 2025
J0592,Buprenorphine hydrochloride,0.1 MG,4.178,20.000,,,,,,
J0593,"Inj., lanadelumab-flyo, 1 mg",1 mg,84.802,20.000,,,,,,Added April 2025
J0594,Busulfan injection,1 MG,1.456,20.000,,,,,,
J0595,Butorphanol tartrate 1 mg,1 MG,4.692,20.000,,,,,,
J0596,"Injection, ruconest",10 UNITS,34.750,20.000,,,,,,
J0597,"C-1 esterase, berinert",10 UNITS,72.267,19.201,,,,,,Inflation-adjusted coinsurance
J0598,"C-1 esterase, cinryze",10 UNITS,63.877,20.000,,,,,,
J0600,Edetate calcium disodium inj,1000 MG,6460.026,20.000,,,,,,
J0612,"Inj, calcium gluconate, nos",10 MG,0.046,20.000,,,,,,
J0613,Calcium glucon (wg critical),10 MG,0.076,20.000,,,,,,
J0637,Caspofungin acetate,5 MG,3.336,20.000,,,,,,
J0638,Canakinumab injection,1 MG,136.557,20.000,,,,,,
J0640,Leucovorin calcium injection,50 MG,3.513,20.000,,,,,,
J0641,Inj levoleucovorin nos 0.5mg,0.5 MG,0.017,20.000,,,,,,
J0642,"Injection, khapzory, 0.5 mg",0.5 MG,1.176,20.000,,,,,,
J0650,"Inj, levothyroxine nos 10mcg",10 MCG,7.261,20.000,,,,,,
J0651,"Inj, levothyroxine, freskabi",10 MCG,6.398,20.000,,,,,,
J0652,"Inj, levothyroxine, hikma",10 MCG,5.136,20.000,,,,,,
J0665,"Inj, bupivacaine, nos, 0.5mg",0.5 MG,0.010,20.000,,,,,,
J0666,"Inj, bupivacaine liposome",1 MG,1.421,20.000,,,,,,
J0670,Inj mepivacaine hcl/10 ml,10 ML,3.627,20.000,,,,,,
J0687,Inj cefazolin (wg crit care),500 MG,0.973,20.000,,,,,,
J0688,"Inj cefazolin sodium, hikma",500 MG,0.982,20.000,,,,,,
J0689,"Inj cefazolin sodium, baxter",500 MG,1.245,20.000,,,,,,
J0690,Cefazolin sodium injection,500 MG,0.828,20.000,,,,,,
J0692,Cefepime hcl for injection,500 MG,1.201,20.000,,,,,,
J0694,Cefoxitin sodium injection,1 GM,5.010,20.000,,,,,,
J0695,Inj ceftolozane tazobactam,75mg (50mg cft/25mg taz),8.041,19.921,,,,,,Inflation-adjusted coinsurance
J0696,Ceftriaxone sodium injection,250 MG,0.493,20.000,,,,,,
J0697,Sterile cefuroxime injection,750 MG,2.013,20.000,,,,,,
J0699,"Inj, cefiderocol, 10 mg",10 mg,2.282,20.000,,,,,,
J0701,Inj. cefepime hcl (baxter),500 MG,5.804,20.000,,,,,,
J0702,Betamethasone acet&sod phosp,3 MG & 3 MG,6.848,20.000,,,,,,
J0703,"Inj, cefepime hcl (b braun)",500 MG,5.044,20.000,,,,,,
J0712,Ceftaroline fosamil inj,10 MG,3.991,20.000,,,,,,
J0713,Inj ceftazidime per 500 mg,500 MG,1.600,20.000,,,,,,
J0714,Ceftazidime and avibactam,.625 GM,100.496,20.000,,,,,,
J0717,Certolizumab pegol inj 1mg,1 MG,3.984,20.000,,,,,,"""lesser of"" methodology applied"
J0725,Chorionic gonadotropin/1000u,1000 UNITS,18.252,20.000,,,,,,
J0735,Clonidine hydrochloride,1 MG,16.202,20.000,,,,,,
J0736,"Inj, clindamycin phosp 300mg",300 MG,1.613,20.000,,,,,,
J0737,"Inj, clindamycin (baxter)",300 MG,2.527,20.000,,,,,,
J0739,"Hiv prep, inj, cabotegravir",1 mg,6.887,0.000,,,,,,
J0740,Cidofovir injection,375 MG,521.827,20.000,,,,,,
J0741,"Inj, cabote rilpivir 2mg 3mg",2MG/3MG,23.132,20.000,,,,,,
J0742,Inj imip 4 cilas 4 releb 2mg,4 MG-4 MG-2 MG,2.497,20.000,,,,,,
J0743,Cilastatin sodium injection,250 MG,7.337,20.000,,,,,,
J0744,Ciprofloxacin iv,200 MG,2.098,20.000,,,,,,
J0750,"Hiv prep, ftc/tdf 200/300mg",200 mg/300 mg,1.277,0.000,,,,,,
J0751,"Hiv prep, ftc/taf 200/25mg",200 mg/25 mg,71.272,0.000,,,,,,
J0770,Colistimethate sodium inj,150 MG,11.942,20.000,,,,,,
J0775,"Collagenase, clost hist inj",0.01 MG,73.375,17.894,,,,,,Inflation-adjusted coinsurance
J0780,Prochlorperazine injection,10 MG,2.917,20.000,,,,,,
J0791,Inj crizanlizumab-tmca 5mg,5 MG,129.502,20.000,,,,,,
J0801,Inj. acthar gel to 40 units,40 UNITS,3893.429,20.000,,,,,,
J0802,"Inj. (ani), up to 40 units",up to 40 Units,3445.584,20.000,,,,,,
J0834,"Inj., cosyntropin, 0.25 mg",0.25 MG,33.397,20.000,,,,,,
J0840,Crotalidae poly immune fab,UP TO 1 GM,1755.811,20.000,,,,,,
J0841,Inj crotalidae im f(ab')2 eq,120 MG,1043.547,20.000,,,,,,
J0850,Cytomegalovirus imm iv /vial,PER VIAL,1812.007,20.000,,,,,,
J0870,"Injection, imetelstat, 1 mg",1 MG,55.510,20.000,,,,,,Added April 2025
J0872,Daptomycin (xellia) unrefrig,1 MG,0.051,20.000,,,,,,
J0873,Inj daptomycin (xellia),1 MG,0.034,20.000,,,,,,
J0874,"Inj, daptomycin (baxter)",1 MG,0.065,20.000,,,,,,
J0875,"Injection, dalbavancin",5 MG,15.567,20.000,,,,,,
J0877,"Inj, daptomycin (hospira)",1 MG,0.055,20.000,,,,,,
J0878,Daptomycin injection,1 MG,0.033,20.000,,,,,,
J0881,"Darbepoetin alfa, non-esrd",1 MCG,2.918,20.000,,,,,,
J0882,"Darbepoetin alfa, esrd use",1 MCG,2.918,20.000,,,,,,
J0883,Argatroban nonesrd use 1mg,1 MG,0.950,20.000,,,,,,Added April 2025
J0884,Argatroban esrd dialysis 1mg,1 MG,0.950,20.000,,,,,,
J0885,"Epoetin alfa, non-esrd",1000 UNITS,7.080,20.000,,,,,,
J0887,Epoetin beta esrd use,1 MCG,1.260,20.000,,,,,,
J0888,Epoetin beta non esrd,1 MCG,1.260,20.000,,,,,,
J0893,"Inj, decitabine (sun pharma)",1 MG,0.777,20.000,,,,,,Added April 2025
J0894,Decitabine injection,1 MG,1.765,20.000,,,,,,
J0895,Deferoxamine mesylate inj,500 MG,8.208,20.000,,,,,,
J0896,Inj luspatercept-aamt 0.25mg,0.25 MG,41.243,20.000,,,,,,
J0897,Denosumab injection,1 MG,27.809,18.201,,,,,,Inflation-adjusted coinsurance
J0898,Argatroban nonesrd (auromed),1 MG,1.338,20.000,,,,,,Added April 2025
J0899,"Argatroban dialysis, auromed",1 MG,1.338,20.000,,,,,,Added April 2025
J1000,Depo-estradiol cypionate inj,5 MG,42.323,20.000,,,,,,
J1010,"Inj, methylpred acetate 1 mg",1 MG,0.110,20.000,,,,,,
J1071,Inj testosterone cypionate,1 MG,0.030,20.000,,,,,,
J1096,Dexametha opth insert 0.1 mg,0.1 MG,110.680,20.000,,,,,,
J1100,Dexamethasone sodium phos,1 MG,0.093,20.000,,,,,,
J1110,Inj dihydroergotamine mesylt,1 MG,85.747,20.000,,,,,,
J1120,Acetazolamid sodium injectio,500 MG,19.061,20.000,,,,,,
J1160,Digoxin injection,0.5 MG,4.880,20.000,,,,,,
J1162,Digoxin immune fab (ovine),PER VIAL,4968.580,20.000,,,,,,
J1165,Phenytoin sodium injection,50 MG,0.522,20.000,,,,,,
J1171,"Inj, hydromorphone, 0.1 mg",0.1 MG,0.137,20.000,,,,,,
J1190,Dexrazoxane hcl injection,250 MG,80.956,20.000,,,,,,
J1200,Diphenhydramine hcl injectio,50 MG,0.661,20.000,,,,,,
J1201,Inj. cetirizine hcl 0.5mg,0.5 MG,15.623,20.000,,,,,,
J1203,"Inj, cipaglucosidase, 5 mg",5 MG,89.846,20.000,,,,,,
J1205,Chlorothiazide sodium inj,500 MG,32.482,20.000,,,,,,
J1212,Dimethyl sulfoxide 50% 50 ml,50 ML,714.724,20.000,,,,,,
J1230,Methadone injection,10 MG,20.912,20.000,,,,,,
J1240,Dimenhydrinate injection,50 MG,8.346,20.000,,,,,,
J1245,Dipyridamole injection,10 MG,3.836,20.000,,,,,,
J1250,Inj dobutamine hcl/250 mg,250 MG,8.145,20.000,,,,,,
J1265,Dopamine injection,40 MG,0.709,20.000,,,,,,
J1270,"Injection, doxercalciferol",1 MCG,0.376,20.000,,,,,,
J1271,Inj doxycycline hyclate 1 mg,1 MG,0.120,20.000,,,,,,Added April 2025
J1290,Ecallantide injection,1 MG,564.641,20.000,,,,,,
J1299,"Inj, eculizumab, 2 mg",2 MG,44.809,20.000,,,,,,Added April 2025
J1301,"Injection, edaravone, 1 mg",1 MG,20.405,20.000,,,,,,
J1302,"Inj, sutimlimab-jome, 10 mg",10 MG,18.127,20.000,,,,,,
J1303,"Inj., ravulizumab-cwvz 10 mg",10 MG,220.317,20.000,,,,,,
J1304,Inj tofersen intrathec 1 mg,1 MG,155.337,20.000,,,,,,
J1305,"Inj, evinacumab-dgnb, 5mg",5 MG,186.306,20.000,,,,,,
J1306,"Injection, inclisiran, 1 mg",1 MG,12.274,20.000,,,,,,
J1308,"Inj, famotidine, 0.25 mg",0.25 MG,0.008,20.000,,,,,,Added April 2025
J1322,"Elosulfase alfa, injection",1 MG,293.935,20.000,,,,,,
J1323,"Inj, elranatamab-bcmm, 1 mg",1 MG,182.980,20.000,,,,,,
J1325,Epoprostenol injection,0.5 MG,16.075,20.000,,,,,,
J1335,Ertapenem injection,500 MG,9.182,20.000,,,,,,
J1364,Erythro lactobionate /500 mg,500 MG,65.960,20.000,,,,,,
J1380,Estradiol valerate 10 mg inj,10 MG,7.301,20.000,,,,,,
J1410,Inj estrogen conjugate 25 mg,25 MG,382.887,20.000,,,,,,
J1430,Ethanolamine oleate 100 mg,100 MG,497.700,20.000,,,,,,
J1434,"Inj, focinvez, 1mg",1 MG,3.021,20.000,,,,,,Added April 2025
J1437,Inj. fe derisomaltose 10 mg,10 MG,20.826,20.000,,,,,,
J1439,Inj ferric carboxymaltos 1mg,1 MG,1.127,20.000,,,,,,
J1440,Fecal microbiota jslm 1 ml,1 ML,63.934,20.000,,,,,,
J1442,Inj filgrastim excl biosimil,1 MCG,0.983,20.000,,,,,,
J1447,Inj tbo filgrastim 1 microg,1 MCG,0.366,20.000,,,,,,
J1448,"Injection, trilaciclib, 1mg",1 MG,5.388,20.000,,,,,,
J1449,Inj eflapegrastim-xnst 0.1mg,0.1 MG,22.608,20.000,,,,,,
J1450,Fluconazole,200 MG,3.577,20.000,,,,,,
J1453,Fosaprepitant injection,1 MG,0.118,20.000,,,,,,
J1454,"Inj fosnetupitant, palonoset",0.25 MG,632.875,20.000,,,,,,
J1455,Foscarnet sodium injection,1000 MG,21.629,20.000,,,,,,
J1456,"Inj, fosaprepitant (teva)",1 MG,1.214,6.600,,,,,,Inflation-adjusted coinsurance
J1458,Galsulfase injection,1 MG,484.877,20.000,,,,,,
J1459,Inj ivig privigen 500 mg,500 MG,49.179,20.000,,,,,,
J1460,Gamma globulin 1 cc inj,1 CC,48.885,20.000,,,,,,
J1551,Inj cutaquig 100 mg,100 MG,14.335,20.000,,,,,,
J1552,"Inj, alyglo, 500 mg",500 MG,138.111,20.000,,,,,,
J1554,Inj. asceniv,500 MG,496.683,20.000,,,,,,
J1555,"Inj cuvitru, 100 mg",100 MG,16.682,20.000,,,,,,
J1556,"Inj, imm glob bivigam, 500mg",500 MG,77.298,20.000,,,,,,
J1557,Gammaplex injection,500 MG,57.476,20.000,,,,,,
J1558,"Inj. xembify, 100 mg",100 MG,14.283,20.000,,,,,,
J1559,Hizentra injection,100 MG,13.644,19.870,,,,,,Inflation-adjusted coinsurance
J1560,Gamma globulin > 10 cc inj,10 CC,488.853,20.000,,,,,,
J1561,Gamunex-c/gammaked,500 MG,48.345,20.000,,,,,,
J1566,"Immune globulin, powder",500 MG,81.011,20.000,,,,,,
J1568,Octagam injection,500 MG,48.055,20.000,,,,,,
J1569,Gammagard liquid injection,500 MG,45.129,20.000,,,,,,
J1570,Ganciclovir sodium injection,500 MG,32.086,20.000,,,,,,
J1571,Hepagam b im injection,0.5 ML,65.146,20.000,,,,,,
J1573,"Hepagam b intravenous, inj",0.5 ML,65.146,20.000,,,,,,
J1575,Hyqvia 100mg immuneglobulin,100 MG,17.565,20.000,,,,,,
J1576,"Inj, panzyga, 500 mg",500 MG,70.432,20.000,,,,,,
J1580,Garamycin gentamicin inj,80 MG,2.467,20.000,,,,,,
J1596,"Inj, glycopyrrolate, 0.1 mg",0.1 MG,0.509,20.000,,,,,,
J1598,Inj glycopyrrolate fres kabi,0.1 MG,1.659,20.000,,,,,,
J1602,Golimumab for iv use 1mg,1 MG,10.769,20.000,,,,,,
J1610,Glucagon hydrochloride/1 mg,1 MG,190.763,20.000,,,,,,
J1611,"Inj glucagon hcl, fresenius",1 MG,150.437,20.000,,,,,,
J1626,Granisetron hcl injection,100 MCG,0.261,20.000,,,,,,
J1627,"Inj, granisetron, xr, 0.1 mg",0.1 MG,5.286,20.000,,,,,,
J1628,"Inj., guselkumab, 1 mg",1 MG,70.427,20.000,,,,,,
J1630,Haloperidol injection,5 MG,0.776,20.000,,,,,,
J1631,Haloperidol decanoate inj,50 MG,4.611,20.000,,,,,,
J1640,"Hemin, 1 mg",1 MG,33.073,19.297,,,,,,Inflation-adjusted coinsurance
J1642,Inj heparin sodium per 10 u,10 UNITS,0.018,20.000,,,,,,
J1643,"Inj heparin, pfizer, 1000u",1000 UNITS,2.942,20.000,,,,,,
J1644,Inj heparin sodium per 1000u,1000 UNITS,0.219,20.000,,,,,,
J1645,Dalteparin sodium,2500 IU,16.043,12.984,,,,,,Inflation-adjusted coinsurance
J1650,Inj enoxaparin sodium,10 MG,0.516,20.000,,,,,,
J1652,Fondaparinux sodium,0.5 MG,0.855,20.000,,,,,,
J1670,Tetanus immune globulin inj,250 UNITS,575.760,20.000,,,,,,
J1720,Hydrocortisone sodium succ i,100 MG,20.580,20.000,,,,,,
J1740,Ibandronate sodium injection,1 MG,22.219,20.000,,,,,,
J1741,Ibuprofen injection,100 MG,2.975,20.000,,,,,,
J1743,Idursulfase injection,1 MG,542.574,20.000,,,,,,
J1744,Icatibant injection,1 MG,125.317,20.000,,,,,,Added April 2025
J1745,Infliximab not biosimil 10mg,10 MG,30.523,20.000,,,,,,
J1746,"Inj., ibalizumab-uiyk, 10 mg",10 MG,76.950,20.000,,,,,,
J1747,"Inj, spesolimab-sbzo, 1 mg",1 MG,61.428,20.000,,,,,,
J1750,Inj iron dextran,50 MG,17.233,20.000,,,,,,
J1756,Iron sucrose injection,1 MG,0.237,20.000,,,,,,
J1786,Imuglucerase injection,10 UNITS,43.141,20.000,,,,,,
J1790,Droperidol injection,up to 5 MG,8.565,20.000,,,,,,Added April 2025
J1805,"Inj, esmolol hcl, 10mg",10 MG,0.282,20.000,,,,,,
J1806,Inj esmolol hcl wg crit care,10 MG,0.410,20.000,,,,,,
J1808,"Inj, folic acid, 0.1 mg",0.1 MG,0.063,20.000,,,,,,Added April 2025
J1811,Fiasp for insulin pump use,50 UNITS,6.668,20.000,,,,,,
J1813,Lyumjev for insulin pump use,50 UNITS,15.328,20.000,,,,,,
J1817,Insulin for insulin pump use,50 UNITS,2.491,20.000,,,,,,
J1823,"Inj. inebilizumab-cdon, 1 mg",1 MG,484.403,20.000,,,,,,
J1836,"Inj, metronidazole, 10 mg",10 MG,0.026,20.000,,,,,,
J1885,Ketorolac tromethamine inj,15 MG,0.501,20.000,,,,,,
J1920,"Inj, labetalol hcl, 5mg",5 MG,0.419,20.000,,,,,,
J1921,"Inj labetalol hcl hikma, 5mg",5 MG,1.382,20.000,,,,,,
J1930,Lanreotide injection,1 MG,39.551,20.000,,,,,,
J1931,Laronidase injection,0.1 MG,38.605,20.000,,,,,,
J1932,"Inj, lanreotide, (cipla) 1mg",1 MG,25.422,20.000,,,,,,
J1938,"Inj, furosemide, 1 mg",1 MG,0.020,20.000,,,,,,Added April 2025
J1939,"Inj, bumetanide, 0.5 mg",0.5 MG,0.569,20.000,,,,,,
J1943,"Inj., aristada initio, 1 mg",1 MG,3.143,20.000,,,,,,
J1944,Aripiprazole lauroxil 1 mg,1 MG,3.259,20.000,,,,,,
J1950,Leuprolide acetate /3.75 mg,3.75 MG,1670.296,18.892,,,,,,Inflation-adjusted coinsurance
J1951,Inj fensolvi 0.25 mg,0.25 MG,134.256,20.000,,,,,,
J1952,"Leuprolide inj, camcevi, 1mg",1 mg,52.378,20.000,,,,,,
J1953,Levetiracetam injection,10 MG,0.052,20.000,,,,,,
J1954,Leuprolide depot cipla 7.5mg,7.5 MG,220.743,20.000,,,,,,
J1955,Inj levocarnitine per 1 gm,1 GM,24.376,20.000,,,,,,
J1956,Levofloxacin injection,250 MG,1.025,20.000,,,,,,
J1961,"Inj, lenacapavir, 1 mg",1 MG,22.030,20.000,,,,,,
J2002,"Inj, lidocaine in d5w, 1 mg",1 MG,0.003,20.000,,,,,,
J2010,Lincomycin injection,300 MG,6.237,20.000,,,,,,
J2020,Linezolid injection,200 MG,3.472,20.000,,,,,,
J2021,"Inj, linezolid (hospira)",200 MG,6.338,20.000,,,,,,
J2060,Lorazepam injection,2 MG,1.565,20.000,,,,,,
J2150,Mannitol injection,50 ML,2.263,20.000,,,,,,
J2175,Meperidine hydrochl /100 mg,100 MG,10.136,20.000,,,,,,
J2182,"Injection, mepolizumab, 1mg",1 MG,30.540,20.000,,,,,,
J2183,Inj meropenem (wg crit care),100 MG,1.604,20.000,,,,,,
J2184,"Inj, meropenem (b. braun)",100 MG,2.085,9.480,,,,,,Inflation-adjusted coinsurance
J2185,Meropenem,100 MG,0.431,20.000,,,,,,
J2210,Methylergonovin maleate inj,0.2 MG,21.285,20.000,,,,,,
J2246,"Inj, micafungin (baxter)",1 MG,0.638,20.000,,,,,,Added April 2025
J2247,"Inj, micafungin (par pharm)",1 MG,0.305,20.000,,,,,,AMP-based payment limit
J2248,Micafungin sodium injection,1 MG,0.282,20.000,,,,,,
J2250,Inj midazolam hydrochloride,1 MG,0.129,20.000,,,,,,
J2251,Inj midazolam in 0.9% nacl,1 MG,0.170,20.000,,,,,,
J2260,Inj milrinone lactate / 5 mg,5 MG,1.571,20.000,,,,,,
J2267,"Inj, mirikizumab-mrkz, 1 mg",1 MG,47.566,14.952,,,,,,Inflation-adjusted coinsurance
J2270,Morphine sulfate injection,10 MG,4.632,20.000,,,,,,
J2272,"Inj, morphine (fresenius)",10 MG,6.637,20.000,,,,,,
J2274,Inj morphine pf epid ithc,10 MG,9.821,20.000,,,,,,
J2277,"Inj, motixafortide, 0.25 mg",0.25 MG,25.218,20.000,,,,,,
J2278,Ziconotide injection,1 MCG,9.698,20.000,,,,,,
J2280,"Inj, moxifloxacin 100 mg",100 MG,8.574,20.000,,,,,,
J2281,Inj moxifloxacin (fres kabi),100 MG,7.103,20.000,,,,,,
J2300,Inj nalbuphine hydrochloride,10 MG,3.080,20.000,,,,,,
J2305,"Inj, nitroglycerin, 5 mg",5 MG,1.340,20.000,,,,,,
J2310,Inj naloxone hydrochloride,1 MG,9.213,20.000,,,,,,
J2311,"Inj, naloxone hcl (zimhi)",1 MG,1.495,20.000,,,,,,
J2315,"Naltrexone, depot form",1 MG,4.123,20.000,,,,,,
J2323,Natalizumab injection,1 MG,24.368,20.000,,,,,,
J2327,Inj risankizumab-rzaa 1 mg,1 MG,14.859,20.000,,,,,,
J2329,"Inj ublituximab-xiiy, 1 mg",1 MG,68.655,20.000,,,,,,
J2350,"Injection, ocrelizumab, 1 mg",1 MG,57.807,20.000,,,,,,
J2351,Inj ocrelizumab 1mg hya-ocsq,1 MG,45.187,20.000,,,,,,Added April 2025
J2353,"Octreotide injection, depot",1 MG,204.592,20.000,,,,,,
J2354,"Octreotide inj, non-depot",25 MCG,0.590,20.000,,,,,,
J2356,"Inj tezepelumab-ekko, 1mg",1 MG,17.767,20.000,,,,,,"""lesser of"" methodology applied"
J2357,Omalizumab injection,5 MG,40.117,20.000,,,,,,"""lesser of"" methodology applied"
J2358,Olanzapine long-acting inj,1 MG,2.917,20.000,,,,,,
J2359,"Inj. olanzapine, 0.5mg",0.5 MG,0.928,20.000,,,,,,
J2360,Orphenadrine injection,60 MG,12.328,20.000,,,,,,
J2371,Inj phenylephrine hcl 20 mcg,20 MCG,0.002,20.000,,,,,,Added April 2025
J2372,"Inj, biorphen, 20 micrograms",20 MCG,0.175,20.000,,,,,,
J2373,"Inj, immphentiv, 20 mcg",20 MCG,0.138,20.000,,,,,,
J2401,Chloroprocaine hcl injection,1 MG,0.039,20.000,,,,,,
J2403,"Chloroprocaine opht gel, 1mg",1 MG,0.604,20.000,,,,,,
J2404,"Inj, nicardipine 0.1 mg",0.1 MG,0.089,20.000,,,,,,
J2405,Ondansetron hcl injection,1 MG,0.086,20.000,,,,,,
J2406,"Injection, oritavancin 10 mg",10 MG,42.765,20.000,,,,,,
J2407,"Injection, oritavancin",10 MG,28.525,20.000,,,,,,
J2425,Palifermin injection,50 MCG,33.991,16.991,,,,,,Inflation-adjusted coinsurance
J2426,"Inj, invega sustenna, 1 mg",1 MG,14.739,20.000,,,,,,
J2427,"Inj, invega hafyera/trinza",1MG,12.672,20.000,,,,,,
J2430,Pamidronate disodium /30 mg,30 MG,13.876,20.000,,,,,,
J2468,"Inj, palonosetron (posfrea)",25 MCG,59.905,20.000,,,,,,Added April 2025
J2469,Palonosetron hcl,25 MCG,0.498,20.000,,,,,,AMP-based payment limit
J2501,Paricalcitol,1 MCG,0.808,20.000,,,,,,
J2502,"Inj, pasireotide long acting",1 MG,526.942,16.095,,,,,,Added April 2025 - Inflation-adjusted coinsurance
J2506,Inj pegfilgrast ex bio 0.5mg,0.5 MG,19.981,20.000,,,,,,
J2507,Pegloticase injection,1 MG,3565.318,19.634,,,,,,Inflation-adjusted coinsurance
J2508,Pegunigalsidase alfa-iwxj,1 MG,226.927,19.817,,,,,,Inflation-adjusted coinsurance
J2540,Penicillin g potassium inj,600000 UNITS,0.775,20.000,,,,,,
J2543,Piperacillin/tazobactam,1.125 GM,1.119,20.000,,,,,,
J2545,Pentamidine non-comp unit,300 MG,79.497,20.000,,,,,,
J2550,Promethazine hcl injection,50 MG,3.313,20.000,,,,,,
J2560,Phenobarbital sodium inj,120 MG,29.436,20.000,,,,,,
J2562,Plerixafor injection,1 MG,24.976,20.000,,,,,,
J2597,Inj desmopressin acetate,1 MCG,4.488,20.000,,,,,,
J2598,"Inj, vasopressin, 1 unit",1 UNIT,1.420,20.000,,,,,,
J2599,Inj vasopressin (am reg) 1 u,1 UNIT,1.332,20.000,,,,,,
J2601,"Inj, vasopressin (baxter)",1 UNIT,3.501,20.000,,,,,,
J2675,Inj progesterone per 50 mg,50 MG,0.659,20.000,,,,,,
J2679,Inj fluphenazine hcl 1.25 mg,1.25 MG,7.148,20.000,,,,,,
J2680,Fluphenazine decanoate 25 mg,25 MG,8.828,20.000,,,,,,
J2690,Procainamide hcl injection,1 GM,284.337,20.000,,,,,,
J2700,Oxacillin sodium injeciton,250 MG,0.636,20.000,,,,,,
J2704,"Inj, propofol, 10 mg",10 MG,0.093,20.000,,,,,,
J2720,Inj protamine sulfate/10 mg,10 MG,1.398,20.000,,,,,,
J2724,Protein c concentrate,10 UNITS,15.024,20.000,,,,,,
J2760,Phentolaine mesylate inj,5 MG,449.299,20.000,,,,,,
J2765,Metoclopramide hcl injection,10 MG,1.125,20.000,,,,,,
J2777,"Inj, faricimab-svoa, 0.1mg",0.1 MG,34.722,20.000,,,,,,
J2778,Ranibizumab injection,0.1 mg,90.414,20.000,,,,,,
J2779,"Inj, susvimo 0.1 mg",0.1 MG,79.737,20.000,,,,,,
J2781,"Inj, pegcetacoplan, 1mg",1 MG,143.989,20.000,,,,,,
J2782,Inj avacincaptad pegol 0.1mg,0.1 MG,107.444,20.000,,,,,,
J2783,Rasburicase,0.5 MG,370.456,20.000,,,,,,
J2785,Regadenoson injection,0.1 MG,4.411,20.000,,,,,,
J2786,"Injection, reslizumab, 1mg",1 MG,10.494,20.000,,,,,,
J2788,Rho d immune globulin 50 mcg,50 MCG (250 IU),23.618,20.000,,,,,,
J2790,Rho d immune globulin inj,300 MCG (1500 IU),77.158,20.000,,,,,,
J2791,Rhophylac injection,100 IU,4.884,20.000,,,,,,
J2792,"Rho(d) immune globulin h, sd",100 IU,32.507,20.000,,,,,,
J2794,"Inj risperdal consta, 0.5 mg",0.5 MG,10.499,20.000,,,,,,
J2795,Ropivacaine hcl injection,1 MG,0.055,20.000,,,,,,
J2798,"Inj., perseris, 0.5 mg",0.5 mg,12.154,20.000,,,,,,
J2799,"Inj, uzedy, 1 mg",1 MG,24.622,20.000,,,,,,
J2800,Methocarbamol injection,10 ML,6.359,20.000,,,,,,
J2802,"Inj, romiplostim 1 microgram",1 MCG,10.516,18.888,,,,,,Inflation-adjusted coinsurance
J2804,"Inj, rifampin, 1 mg",1 MG,0.142,20.000,,,,,,Added April 2025
J2805,Sincalide injection,5 MCG,143.258,20.000,,,,,,
J2820,Sargramostim injection,50 MCG,59.883,19.955,,,,,,Inflation-adjusted coinsurance
J2860,"Injection, siltuximab",10 MG,163.366,18.012,,,,,,Inflation-adjusted coinsurance
J2865,Inj sulfameth/trim 5 mg/1 mg,5MG-1MG,0.056,20.000,,,,,,Added April 2025
J2916,Na ferric gluconate complex,12.5 MG,1.935,20.000,,,,,,
J2919,"Inj, methylpred sod succ 5mg",5 MG,0.251,20.000,,,,,,
J2997,Alteplase recombinant,1 MG,91.462,20.000,,,,,,
J3000,Streptomycin injection,1 GM,25.589,20.000,,,,,,
J3010,Fentanyl citrate injection,0.1 MG,0.839,20.000,,,,,,
J3032,Inj. eptinezumab-jjmr 1 mg,1 MG,19.321,19.491,,,,,,Inflation-adjusted coinsurance
J3055,Inj talquetamab-tgvs 0.25 mg,0.25 MG,69.997,19.851,,,,,,Inflation-adjusted coinsurance
J3060,"Inj, taliglucerase alfa 10 u",10 UNITS,40.642,20.000,,,,,,
J3090,Inj tedizolid phosphate,1 MG,1.801,20.000,,,,,,
J3095,Telavancin injection,10 MG,7.090,20.000,,,,,,
J3101,Tenecteplase injection,1 MG,162.456,20.000,,,,,,
J3105,Terbutaline sulfate inj,1 MG,1.413,20.000,,,,,,
J3111,Inj. romosozumab-aqqg 1 mg,1 MG,11.494,19.541,,,,,,Inflation-adjusted coinsurance
J3121,Inj testostero enanthate 1mg,1 MG,0.052,20.000,,,,,,
J3145,Testosterone undecanoate 1mg,1 MG,2.022,18.704,,,,,,Inflation-adjusted coinsurance
J3230,Chlorpromazine hcl injection,50 MG,29.038,20.000,,,,,,
J3240,Thyrotropin injection,0.9 MG,2078.711,20.000,,,,,,
J3241,Inj. teprotumumab-trbw 10 mg,10 MG,352.563,20.000,,,,,,
J3243,Tigecycline injection,1 MG,0.302,20.000,,,,,,
J3245,"Inj., tildrakizumab, 1 mg",1 MG,131.462,20.000,,,,,,
J3246,Tirofiban hcl,0.25 MG,3.549,20.000,,,,,,
J3247,Inj secukinumab intrav 1mg,1 MG,17.728,20.000,,,,,,
J3250,Trimethobenzamide hcl inj,200 MG,50.038,20.000,,,,,,
J3260,Tobramycin sulfate injection,80 MG,1.595,20.000,,,,,,
J3262,Tocilizumab injection,1 MG,5.881,20.000,,,,,,
J3263,"Inj, toripalimab-tpzi, 1 mg",1 MG,39.096,20.000,,,,,,
J3285,Treprostinil injection,1 MG,56.834,20.000,,,,,,
J3299,Inj xipere 1 mg,1 MG,48.231,20.000,,,,,,
J3300,Triamcinolone a inj prs-free,1 MG,25.016,20.000,,,,,,Added April 2025
J3301,Triamcinolone acet inj nos,10 MG,0.870,20.000,,,,,,
J3304,Inj triamcinolone ace xr 1mg,1 MG,18.007,20.000,,,,,,
J3315,Triptorelin pamoate,3.75 MG,471.625,20.000,,,,,,
J3316,"Inj., triptorelin xr 3.75 mg",3.75 MG,3506.041,20.000,,,,,,Added April 2025
J3358,"Ustekinumab, iv inject, 1 mg",1 MG,12.808,20.000,,,,,,
J3360,Diazepam injection,5 MG,5.787,20.000,,,,,,
J3370,Vancomycin hcl injection,500 MG,1.949,20.000,,,,,,
J3371,"Inj, vancomycin hcl (mylan)",500 MG,6.309,20.000,,,,,,
J3372,"Inj, vancomycin hcl (xellia)",500 MG,6.544,20.000,,,,,,
J3380,Inj vedolizumab iv 1 mg,1 MG,21.162,20.000,,,,,,
J3385,Velaglucerase alfa,100 UNITS,374.360,20.000,,,,,,
J3396,Verteporfin injection,0.1 MG,11.519,20.000,,,,,,
J3401,"Vyjuvek 5x10^9pfu/ml, 0.1 ml",0.1 ML,1016.669,20.000,,,,,,
J3410,Hydroxyzine hcl injection,25 MG,17.760,20.000,,,,,,
J3411,Thiamine hcl 100 mg,100 MG,1.757,20.000,,,,,,
J3415,Pyridoxine hcl 100 mg,100 MG,12.569,20.000,,,,,,
J3420,Vitamin b12 injection,1000 MCG,0.665,20.000,,,,,,
J3425,Hydroxocobalamin im 10mcg,10 MCG,0.008,20.000,,,,,,
J3430,Vitamin k phytonadione inj,1 MG,2.445,20.000,,,,,,
J3465,"Injection, voriconazole",10 MG,1.061,20.000,,,,,,
J3470,Hyaluronidase injection,150 UNITS,32.168,20.000,,,,,,
J3471,"Ovine, up to 999 usp units",1 USP UNIT,0.499,20.000,,,,,,Added April 2025
J3473,Hyaluronidase recombinant,1 USP UNIT,0.364,20.000,,,,,,
J3475,Inj magnesium sulfate,500 MG,0.494,20.000,,,,,,
J3480,Inj potassium chloride,2 MEQ,0.207,20.000,,,,,,
J3485,Zidovudine,10 MG,1.513,20.000,,,,,,
J3486,Ziprasidone mesylate,10 MG,5.183,20.000,,,,,,
J3489,Zoledronic acid 1mg,1 MG,9.523,20.000,,,,,,
J7030,Normal saline solution infus,1000 CC,2.469,20.000,,,,,,
J7040,Normal saline solution infus,500 ML,1.235,20.000,,,,,,
J7042,5% dextrose/normal saline,500 ML,1.254,20.000,,,,,,
J7050,Normal saline solution infus,250 CC,0.618,20.000,,,,,,
J7060,5% dextrose/water,500 ML,1.820,20.000,,,,,,
J7070,D5w infusion,1000 CC,3.641,20.000,,,,,,
J7120,Ringers lactate infusion,1000 CC,2.303,20.000,,,,,,
J7170,"Inj., emicizumab-kxwh 0.5 mg",0.5 MG,51.984,20.000,,,,,1,
J7171,"Inj, adzynma, 10 iu",10 UNITS,34.516,20.000,,,,,,
J7175,"Inj, factor x, (human), 1iu",1 IU,9.533,20.000,,,,,1,
J7177,"Inj., fibryga, 1 mg",1 MG,1.101,20.000,,,,,1,
J7178,Inj human fibrinogen con nos,1 MG,1.484,20.000,,,,,1,
J7179,Vonvendi inj 1 iu vwf:rco,1 IU,1.831,20.000,,,,,1,
J7180,Factor xiii anti-hem factor,1 IU,10.477,20.000,,,,,1,
J7181,Factor xiii recomb a-subunit,1 IU,17.336,20.000,,,,,1,
J7182,Factor viii recomb novoeight,1 IU,1.397,20.000,,,,,1,
J7183,Wilate injection,1 I.U. VWF:RCO,1.279,20.000,,,,,1,
J7185,Xyntha inj,1 IU,1.490,20.000,,,,,1,
J7186,Antihemophilic viii/vwf comp,PER FACTOR VIII IU,1.198,20.000,,,,,1,
J7187,"Humate-p, inj",1 IU,1.446,20.000,,,,,1,
J7188,Factor viii recomb obizur,1 IU,3.229,20.000,,,,,1,
J7189,Factor viia recomb novoseven,1 MCG,2.526,20.000,,,,,1,
J7190,Factor viii,1 IU,1.116,20.000,,,,,1,
J7192,Factor viii recombinant nos,1 IU,1.558,20.000,,,,,1,
J7193,Factor ix non-recombinant,1 IU,1.377,20.000,,,,,1,
J7194,Factor ix complex,1 IU,1.656,20.000,,,,,1,
J7195,Factor ix recombinant nos,1 IU,1.848,20.000,,,,,1,
J7197,Antithrombin iii injection,1 IU,3.943,20.000,,,,,,
J7198,Anti-inhibitor,1 IU,2.397,20.000,,,,,1,
J7200,Factor ix recombinan rixubis,1 IU,1.632,20.000,,,,,1,
J7201,Factor ix alprolix recomb,1 IU,3.545,20.000,,,,,1,
J7202,Factor ix idelvion inj,1 IU,5.183,20.000,,,,,1,
J7203,Factor ix recomb gly rebinyn,1 IU,4.320,20.000,,,,,1,
J7204,Inj recombin esperoct per iu,1 IU,2.138,20.000,,,,,1,
J7205,Factor viii fc fusion recomb,1 IU,2.320,20.000,,,,,1,
J7207,Factor viii pegylated recomb,1 IU,2.102,20.000,,,,,1,
J7208,Inj. jivi 1 iu,1 IU,2.450,20.000,,,,,1,
J7209,Factor viii nuwiq recomb 1iu,1 IU,1.193,20.000,,,,,1,
J7210,"Inj, afstyla, 1 i.u.",1 IU,1.514,20.000,,,,,1,
J7211,"Inj, kovaltry, 1 i.u.",1 IU,1.486,20.000,,,,,1,
J7212,Factor viia recomb sevenfact,1 MCG,2.385,20.000,,,,,1,
J7213,"Inj, ixinity, 1 i.u.",1 IU,1.923,20.000,,,,,1,
J7214,Altuviiio per factor viii iu,1 IU,4.596,20.000,,,,,1,
J7308,Aminolevulinic acid hcl top,354 MG,394.413,20.000,,,,,,
J7311,"Inj., retisert, 0.01 mg",0.01 MG,340.036,20.000,,,,,,
J7312,Dexamethasone intra implant,0.1 MG,205.236,20.000,,,,,,
J7313,"Inj., iluvien, 0.01 mg",0.01 MG,490.765,20.000,,,,,,
J7314,"Inj., yutiq, 0.01 mg",0.01 MG,524.568,20.000,,,,,,
J7318,"Inj, durolane 1 mg",1 MG,6.931,20.000,,,,,,
J7320,"Genvisc 850, inj, 1mg",1 MG,6.314,20.000,,,,,,
J7321,Hyalgan supartz visco-3 dose,per dose,73.960,20.000,,,,,,
J7322,Hymovis injection 1 mg,1 MG,17.503,20.000,,,,,,
J7323,Euflexxa inj per dose,per dose,128.709,20.000,,,,,,
J7324,Orthovisc inj per dose,PER DOSE,125.299,20.000,,,,,,
J7325,Synvisc or synvisc-one,1 MG,9.252,20.000,,,,,,
J7326,Gel-one,per dose,538.480,20.000,,,,,,
J7327,Monovisc inj per dose,PER DOSE,663.641,20.000,,,,,,
J7328,Gelsyn-3 injection 0.1 mg,0.1 MG,0.592,20.000,,,,,,
J7329,"Inj, trivisc 1 mg",1 MG,5.586,20.000,,,,,,
J7331,"Synojoynt, inj., 1 mg",1 MG,8.431,20.000,,,,,,
J7332,"Inj., triluron, 1 mg",1 MG,10.281,20.000,,,,,,
J7336,Capsaicin 8% patch,1 SQ CM,3.377,20.000,,,,,,
J7340,Carbidopa levodopa ent 100ml,100 ML,235.772,20.000,,,,,,
J7345,"Aminolevulinic acid, 10% gel",10 MG,1.783,20.000,,,,,,
J7351,Inj bimatoprost itc imp1mcg,1 MCG,209.907,20.000,,,,,,
J7354,"Cantharidin top, applicator",Per 3.2 mg single-use applicator,682.257,20.000,,,,,,
J7355,Inj travoprost intra impl,1 MCG,194.411,20.000,,,,,,Added April 2025
J7402,Mometasone sinus sinuva,10 MCG,11.345,20.000,,,,,,
J7500,Azathioprine oral 50mg,50 MG,1.014,20.000,,,,,,
J7502,Cyclosporine oral 100 mg,100 MG,2.023,20.000,,,,,,
J7503,Tacrol envarsus ex rel oral,0.25 MG,1.805,19.642,,,,,,Inflation-adjusted coinsurance
J7504,Lymphocyte immune globulin,250 MG,4376.290,13.028,,,,,,Inflation-adjusted coinsurance
J7507,Tacrolimus imme rel oral 1mg,1 MG,0.194,20.000,,,,,,
J7508,Tacrol astagraf ex rel oral,0.1 MG,0.569,20.000,,,,,,
J7509,Methylprednisolone oral,4 MG,0.243,20.000,,,,,,
J7510,Prednisolone oral per 5 mg,5 MG,0.483,20.000,,,,,,
J7511,Antithymocyte globuln rabbit,25 MG,939.346,20.000,,,,,,
J7512,Prednisone ir or dr oral 1mg,1 MG,0.004,20.000,,,,,,
J7515,Cyclosporine oral 25 mg,25 MG,0.742,20.000,,,,,,
J7516,"Inj, cyclosporine 250mg",250 MG,71.401,20.000,,,,,,
J7517,Mycophenolate mofetil oral,250 MG,0.154,20.000,,,,,,
J7518,Mycophenolic acid,180 MG,0.379,20.000,,,,,,
J7519,Inj. mycophenolate mofetil,10 MG,0.305,20.000,,,,,,
J7520,"Sirolimus, oral",1 MG,1.144,20.000,,,,,,
J7521,Tacrolim granules oral susp,0.1 MG,1.334,20.000,,,,,,Added April 2025
J7525,Tacrolimus injection,5 MG,255.058,20.000,,,,,,
J7527,Oral everolimus,0.25 MG,2.018,20.000,,,,,,
J7601,Ensifentrine inh 3 mg,3 MG,52.117,20.000,,,,,,Added April 2025
J7605,Arformoterol non-comp unit,15 mcg,0.686,20.000,,,,,,
J7606,"Formoterol fumarate, inh",20 MCG,1.699,20.000,,,,,,
J7608,Acetylcysteine non-comp unit,1 GM,8.437,20.000,,,,,,
J7611,Albuterol non-comp con,1 MG,0.176,20.000,,,,,,
J7612,Levalbuterol non-comp con,0.5 MG,0.283,20.000,,,,,,
J7613,Albuterol non-comp unit,1 MG,0.077,20.000,,,,,,
J7614,Levalbuterol non-comp unit,0.5 MG,0.087,20.000,,,,,,
J7620,Albuterol ipratrop non-comp,2.5 MG/0.5 MG,0.194,20.000,,,,,,
J7626,Budesonide non-comp unit,0.5 MG,1.193,20.000,,,,,,
J7631,Cromolyn sodium noncomp unit,10 MG,0.293,20.000,,,,,,
J7639,Dornase alfa non-comp unit,1 MG,53.588,20.000,,,,,,
J7644,Ipratropium bromide non-comp,1 MG,0.362,20.000,,,,,,
J7674,"Methacholine chloride, neb",1 MG,1.631,20.000,,,,,,
J7677,Revefenacin inh non-com 1mcg,1 MCG,0.195,20.000,,,,,,
J7682,Tobramycin non-comp unit,300 MG,14.803,20.000,,,,,,
J7686,"Treprostinil, non-comp unit", 1.74 MG,760.395,20.000,,,,,,
J8501,Oral aprepitant,5 MG,3.042,20.000,,,,,,
J8522,"Capecitabine, oral, 50 mg",50 MG,0.065,20.000,,,,,,
J8530,Cyclophosphamide oral 25 mg,25 MG,1.139,20.000,,,,,,
J8540,Oral dexamethasone,0.25 MG,0.059,20.000,,,,,,
J8560,Etoposide oral 50 mg,50 MG,76.456,20.000,,,,,,
J8610,Methotrexate oral 2.5 mg,2.5 MG,0.201,20.000,,,,,,
J8655,"Oral netupitant, palonosetro",0.5 MG,409.009,18.671,,,,,,Inflation-adjusted coinsurance
J8670,"Rolapitant, oral, 1mg",1 MG,1.789,20.000,,,,,,
J8700,Temozolomide,5 MG,0.384,20.000,,,,,,
J8705,Topotecan oral,0.25 mg,124.900,20.000,,,,,,
J9000,Doxorubicin hcl injection,10 MG,3.153,20.000,,,,,,
J9017,Arsenic trioxide injection,1 MG,4.790,20.000,,,,,,
J9021,"Inj, aspara, rylaze, 0.1 mg",0.1 MG,54.378,19.533,,,,,,Inflation-adjusted coinsurance
J9022,"Inj, atezolizumab,10 mg",10 MG,89.394,20.000,,,,,,
J9023,"Injection, avelumab, 10 mg",10 MG,97.137,20.000,,,,,,
J9024,Inj atezolizumb 5mg hya-tqjs,5 MG,30.876,20.000,,,,,,Added April 2025
J9025,Azacitidine injection,1 MG,0.315,20.000,,,,,,
J9026,"Inj, tarlatamab-dlle, 1 mg",1 MG,1570.765,20.000,,,,,,Added April 2025
J9027,Clofarabine injection,1 MG,16.006,20.000,,,,,,
J9028,"Inj, nogapendekin pmln, 1mcg",1 MCG,94.581,20.000,,,,,,
J9029,"Instill adstiladrin, tx dose",PER THERAPEUTIC DOSE,63235.607,20.000,,,,,,
J9030,Bcg live intravesical 1mg,1 MG,3.139,20.000,,,,,,
J9032,"Injection, belinostat, 10mg",10 MG,50.919,20.000,,,,,,
J9033,"Inj, bendamustine hcl, 1mg",1 MG,1.240,20.000,,,,,,
J9034,"Inj., bendeka 1 mg",1 MG,13.581,20.000,,,,,,
J9035,Bevacizumab injection,10 MG,72.728,20.000,,,,,,
J9036,Inj. belrapzo/bendamustine,1 MG,14.196,20.000,,,,,,
J9039,"Injection, blinatumomab",1 MCG,152.276,19.380,,,,,,Inflation-adjusted coinsurance
J9040,Bleomycin sulfate injection,15 UNITS,21.556,20.000,,,,,,
J9041,"Injection, bortezomib, 0.1mg",0.1 MG,2.498,20.000,,,,,,
J9042,Brentuximab vedotin inj,1 MG,248.930,18.340,,,,,,Inflation-adjusted coinsurance
J9043,Cabazitaxel injection,1 MG,221.705,20.000,,,,,,
J9045,Carboplatin injection,50 MG,2.930,20.000,,,,,,
J9047,"Injection, carfilzomib, 1 mg",1 MG,51.847,18.845,,,,,,Inflation-adjusted coinsurance
J9049,"Inj, bortezomib, hospira",0.1 MG,1.434,20.000,,,,,,
J9050,Carmustine injection,100 MG,145.597,20.000,,,,,,
J9055,Cetuximab injection,10 MG,77.524,20.000,,,,,,
J9056,"Inj, vivimusta, 1 mg",1 MG,27.243,20.000,,,,,,
J9060,Cisplatin 10 mg injection,10 MG,2.860,20.000,,,,,,
J9061,"Inj, amivantamab-vmjw",2 MG,21.507,19.252,,,,,,Inflation-adjusted coinsurance
J9063,"Inj, elahere, 1 mg",1 MG,68.074,20.000,,,,,,
J9065,Inj cladribine per 1 mg,1 MG,10.202,20.000,,,,,,
J9071,Inj cyclophosphamd auromedic,5 MG,0.869,20.000,,,,,,AMP-based payment limit
J9072,Inj cyclophos avyxa 5mg,5 MG,9.053,20.000,,,,,,Added April 2025
J9073,Inj cyclophos dr reddys 5 mg,5 MG,1.762,20.000,,,,,,
J9074,"Inj, cyclophosphamd, sandoz",5 MG,4.344,20.000,,,,,,
J9075,"Inj, cyclophosphamide, nos",5 MG,0.799,20.000,,,,,,
J9100,Cytarabine hcl 100 mg inj,100 MG,0.813,20.000,,,,,,
J9118,Inj. calaspargase pegol-mknl,10 UNIT,76.527,20.000,,,,,,
J9119,"Inj., cemiplimab-rwlc, 1 mg",1 MG,28.921,20.000,,,,,,
J9120,Dactinomycin injection,0.5 MG,288.796,20.000,,,,,,
J9130,Dacarbazine 100 mg inj,100 MG,4.503,20.000,,,,,,
J9144,"Daratumumab, hyaluronidase",10 MG,52.992,20.000,,,,,,
J9145,"Injection, daratumumab 10 mg",10 MG,67.625,20.000,,,,,,
J9150,Daunorubicin injection,10 MG,26.397,20.000,,,,,,
J9153,"Inj daunorubicin, cytarabine",1 MG/2.27 MG,249.021,19.656,,,,,,Inflation-adjusted coinsurance
J9155,Degarelix injection,1 MG,4.357,20.000,,,,,,
J9171,Docetaxel injection,1 MG,0.611,20.000,,,,,,
J9172,"Docetaxel (docivyx), 1 mg",1 MG,51.620,20.000,,,,,,
J9173,"Inj., durvalumab, 10 mg",10 MG,83.868,20.000,,,,,,
J9176,"Injection, elotuzumab, 1mg",1 MG,7.732,20.000,,,,,,
J9177,Inj enfort vedo-ejfv 0.25mg,0.25 MG,36.642,19.143,,,,,,Inflation-adjusted coinsurance
J9178,"Inj, epirubicin hcl, 2 mg",2 MG,1.616,20.000,,,,,,
J9179,Eribulin mesylate injection,0.1 MG,118.749,20.000,,,,,,
J9181,Etoposide injection,10 MG,1.067,20.000,,,,,,
J9185,Fludarabine phosphate inj,50 MG,59.529,20.000,,,,,,
J9190,Fluorouracil injection,500 MG,2.206,20.000,,,,,,
J9196,Inj gemcitabine hcl (accord),200 MG,8.653,11.087,,,,,,Inflation-adjusted coinsurance
J9200,Floxuridine injection,500 MG,3988.333,20.000,,,,,,
J9201,In gemcitabine hcl nos 200mg,200 MG,2.976,20.000,,,,,,
J9202,Goserelin acetate implant,3.6 MG,705.141,20.000,,,,,,
J9203,Gemtuzumab ozogamicin 0.1 mg,0.1 MG,233.119,20.000,,,,,,
J9204,"Inj mogamulizumab-kpkc, 1 mg",1 MG,243.625,20.000,,,,,,
J9205,Inj irinotecan liposome 1 mg,1 MG,65.278,20.000,,,,,,
J9206,Irinotecan injection,20 MG,1.640,20.000,,,,,,
J9207,Ixabepilone injection,1 MG,136.207,19.861,,,,,,Inflation-adjusted coinsurance
J9208,Ifosfamide injection,1 GM,24.618,20.000,,,,,,
J9209,Mesna injection,200 MG,1.360,20.000,,,,,,
J9210,"Inj., emapalumab-lzsg, 1 mg",1 MG,381.503,20.000,,,,,,
J9211,Idarubicin hcl injection,5 MG,43.505,20.000,,,,,,
J9217,Leuprolide acetate suspnsion,7.5 MG,172.288,20.000,,,,,,
J9223,"Inj. lurbinectedin, 0.1 mg",0.1 MG,205.036,20.000,,,,,,
J9226,Supprelin la implant,50 MG,45212.040,20.000,,,,,,
J9227,Inj. isatuximab-irfc 10 mg,10 MG,78.855,20.000,,,,,,
J9228,Ipilimumab injection,1 MG,180.215,20.000,,,,,,
J9229,Inj inotuzumab ozogam 0.1 mg,0.1 MG,2658.129,20.000,,,,,,
J9245,Inj melpha hydroch nos 50 mg,50 MG,157.102,20.000,,,,,,
J9246,"Inj., evomela, 1 mg",1 MG,18.498,20.000,,,,,,
J9248,Inj melphalan (hepzato) 1 mg,1 MG,773.800,20.000,,,,,,
J9260,Inj methotrexate sodium 50mg,50 MG,2.584,20.000,,,,,,
J9261,Nelarabine injection,50 MG,63.184,20.000,,,,,,
J9263,Oxaliplatin,0.5 MG,0.049,20.000,,,,,,AMP-based payment limit
J9264,Paclitaxel protein bound,1 MG,13.064,20.000,,,,,,
J9266,Pegaspargase injection,1 EA,27070.534,19.208,,,,,,Inflation-adjusted coinsurance
J9267,Paclitaxel injection,1 MG,0.126,20.000,,,,,,
J9268,Pentostatin injection,10 MG,2673.431,17.794,,,,,,Inflation-adjusted coinsurance
J9269,Inj. tagraxofusp-erzs 10 mcg,10 MCG,338.532,20.000,,,,,,
J9271,Inj pembrolizumab,1 MG,59.349,20.000,,,,,,
J9272,"Inj, dostarlimab-gxly, 10 mg",10 MG,240.135,20.000,,,,,,
J9273,"Inj tisotu vedotin-tftv, 1mg",1 MG,188.651,18.869,,,,,,Inflation-adjusted coinsurance
J9274,"Inj, tebentafusp-tebn, 1 mcg",1 MCG,214.756,20.000,,,,,,
J9280,Mitomycin injection,5 MG,25.602,20.000,,,,,,
J9281,Mitomycin instillation,1 MG,312.995,20.000,,,,,,
J9286,"Inj glofitamab gxbm, 2.5 mg",2.5 MG,2772.798,20.000,,,,,,
J9293,Mitoxantrone hydrochl / 5 mg,5 MG,27.693,20.000,,,,,,
J9294,"Inj pemetrexed, hospira 10mg",10 MG,3.860,20.000,,,,,,
J9295,"Injection, necitumumab, 1 mg",1 MG,5.731,20.000,,,,,,
J9296,Inj pemetrexed (accord) 10mg,10 mg,9.736,20.000,,,,,,Added April 2025
J9297,Inj pemetrexed (sandoz) 10mg,10 MG,1.739,20.000,,,,,,
J9298,Inj nivol relatlimab 3mg/1mg,3 mg/1 mg,194.077,20.000,,,,,,
J9299,"Injection, nivolumab",1 MG,32.352,20.000,,,,,,
J9301,Obinutuzumab inj,10 MG,75.212,20.000,,,,,,
J9303,Panitumumab injection,10 MG,164.923,18.817,,,,,,Inflation-adjusted coinsurance
J9304,"Inj. pemetrexed, 10 mg",10 MG,46.350,20.000,,,,,,
J9305,Inj. pemetrexed nos 10mg,10 MG,3.771,20.000,,,,,,
J9306,"Injection, pertuzumab, 1 mg",1 MG,16.229,20.000,,,,,,
J9307,Pralatrexate injection,1 MG,373.768,20.000,,,,,,
J9308,"Injection, ramucirumab",5 MG,73.368,20.000,,,,,,
J9309,"Inj, polatuzumab vedotin 1mg",1 MG,132.725,20.000,,,,,,
J9311,"Inj rituximab, hyaluronidase",10 mg,37.526,20.000,,,,,,
J9312,"Inj., rituximab, 10 mg",10 MG,76.433,20.000,,,,,,
J9314,Inj pemetrexed (teva) 10mg,10 MG,8.370,20.000,,,,,,
J9316,"Pertuzu, trastuzu, 10 mg",10 MG,62.993,20.000,,,,,,
J9317,Sacituzumab govitecan-hziy,2.5 MG,35.800,20.000,,,,,,
J9319,Inj romidepsin lyophil 0.1mg,0.1 MG,31.541,20.000,,,,,,
J9321,Inj epcoritamab-bysp 0.16 mg,0.16 MG,54.861,20.000,,,,,,
J9323,Inj pemetrexed ditromethamin,10 mg,10.343,20.000,,,,,,Added April 2025
J9324,"Inj, pemrydi rtu, 10 mg",10 MG,81.057,20.000,,,,,,
J9325,Inj talimogene laherparepvec,1 million�PFU,70.376,19.381,,,,,,Inflation-adjusted coinsurance
J9328,Temozolomide injection,1 MG,10.406,20.000,,,,,,
J9330,Temsirolimus injection,1 MG,30.317,20.000,,,,,,
J9331,Inj sirolimus prot part 1 mg,1 MG,117.632,19.400,,,,,,Inflation-adjusted coinsurance
J9332,Inj efgartigimod 2mg,2 MG,32.375,20.000,,,,,,
J9333,Inj ronzanolixizum-noli 1 mg,1 MG,22.842,20.000,,,,,,
J9334,Inj efgart-alfa 2mg hya-qvfc,2 MG,33.371,20.000,,,,,,
J9340,Thiotepa injection,15 MG,245.049,20.000,,,,,,
J9345,"Inj, retifanlimab-dlwr, 1 mg",1 MG,29.736,20.000,,,,,,
J9347,"Inj, tremelimumab-actl, 1 mg",1 MG,138.244,20.000,,,,,,
J9348,"Inj. naxitamab-gqgk, 1 mg",1 MG,641.829,20.000,,,,,,
J9349,"Inj., tafasitamab-cxix",2 MG,13.925,20.000,,,,,,
J9350,"Inj mosunetuzumab-axgb, 1 mg",1 MG,640.956,20.000,,,,,,
J9351,Topotecan injection,0.1 MG,1.273,20.000,,,,,,
J9352,Injection trabectedin 0.1mg,0.1 MG,363.832,20.000,,,,,,
J9353,"Inj. margetuximab-cmkb, 5 mg",5 MG,48.530,20.000,,,,,,
J9354,"Inj, ado-trastuzumab emt 1mg",1 MG,41.105,20.000,,,,,,
J9355,Inj trastuzumab excl biosimi,10 MG,75.692,20.000,,,,,,
J9356,"Inj. herceptin hylecta, 10mg",10 MG,62.916,20.000,,,,,,
J9357,Valrubicin injection,200 MG,1444.550,20.000,,,,,,
J9358,Inj fam-trastu deru-nxki 1mg,1 MG,28.901,20.000,,,,,,
J9359,Inj lon tesirin-lpyl 0.075mg,0.075 MG,211.995,20.000,,,,,,
J9360,Vinblastine sulfate inj,1 MG,5.136,20.000,,,,,,
J9370,Vincristine sulfate 1 mg inj,1 MG,8.196,20.000,,,,,,
J9380,Inj teclistamab cqyv 0.5 mg,0.5 MG,32.419,20.000,,,,,,
J9381,Inj teplizumab mzwv 5 mcg,5 MCG,37.307,20.000,,,,,,
J9390,Vinorelbine tartrate inj,10 MG,6.586,20.000,,,,,,
J9394,"Inj, fulvestrant (fresenius)",25 MG,3.322,20.000,,,,,,
J9395,"Injection, fulvestrant",25 MG,6.895,20.000,,,,,,
J9400,"Inj, ziv-aflibercept, 1mg",1 MG,8.298,20.000,,,,,,
P9041,"Albumin (human),5%, 50ml",50 ML,10.615,20.000,,,95,10.615,,
P9045,"Albumin (human), 5%, 250 ml",250 ML,53.077,20.000,,,95,53.077,,
P9046,"Albumin (human), 25%, 20 ml",20 ML,21.231,20.000,,,95,21.231,,
P9047,"Albumin (human), 25%, 50ml",50 ML,53.077,20.000,,,95,53.077,,
Q0138,"Ferumoxytol, non-esrd",1 MG,0.328,20.000,,,,,,
Q0139,"Ferumoxytol, esrd use",1 MG,0.328,20.000,,,,,,
Q0162,Ondansetron oral,1 MG,0.013,20.000,,,,,,
Q0167,Dronabinol 2.5mg oral,2.5 MG,1.476,20.000,,,,,,
Q0224,"Inj, pemivibart, 4500 mg",4500 MG,6583.500,0.000,95,6583.500,,,,See COVID-19 vaccine pricing webpage for payment effective dates 
Q0249,Tocilizumab for covid-19,1 MG,7.569,0.000,95,7.569,,,,See COVID-19 vaccine pricing webpage for payment effective dates
Q2041,Axicabtagene ciloleucel car+,UP TO 200 MILLION CAR T CELLS,502840.728,18.977,,,,,,Inflation-adjusted coinsurance
Q2042,Tisagenlecleucel car-pos t,up to 600 million CAR-positive viable T cells,578771.123,17.740,,,,,,Inflation-adjusted coinsurance
Q2043,Sipuleucel-t auto cd54+,Per infusion (minimum 50 million cells),57017.103,20.000,,,,,,
Q2050,Doxorubicin inj 10mg,10 MG,150.409,20.000,,,,,,
Q2053,Brexucabtagene car pos t,UP TO 200 MILLION AUTOLOGOUS ANTI-CD19 CAR POSITIVE VIABLE T CELLS,489399.157,19.498,,,,,,Inflation-adjusted coinsurance
Q2054,Lisocabtagene mara car pos t,"Up to 110 million CAR-positive viable T cells, per therapeutic dose",516442.285,19.475,,,,,,Inflation-adjusted coinsurance
Q2055,Idecabtagene vicleucel car,UP TO 510 MILLION AUTOLOGOUS ANTI-BCMA CAR-POSITIVE VIABLE T CELLS,527622.462,19.490,,,,,,Inflation-adjusted coinsurance
Q2056,Ciltacabtagene car-pos t,up to 100 million autologous b-cell maturation antigen (bcma) directed car-positive t cells,553169.299,18.987,,,,,,Inflation-adjusted coinsurance
Q4074,Iloprost non-comp unit dose,UP TO 20 MCG,148.764,20.000,,,,,,
Q4081,"Epoetin alfa, 100 units esrd",100 UNITS,0.708,20.000,,,,,,
Q4101,Apligraf,1 SQ CM,30.363,20.000,,,,,,
Q4102,Oasis wound matrix,1 SQ CM,12.011,20.000,,,,,,
Q4103,Oasis burn matrix,1 SQ CM,12.530,20.000,,,,,,
Q4104,Integra bmwd,1 SQ CM,49.792,20.000,,,,,,
Q4105,Integra drt or omnigraft,1 SQ CM,23.248,20.000,,,,,,
Q4108,Integra matrix,1 SQ CM,50.477,20.000,,,,,,
Q4110,Primatrix,1 SQ CM,65.405,20.000,,,,,,
Q4111,Gammagraft,1 SQ CM,7.600,20.000,,,,,,
Q4114,Integra flowable wound matri,1 CC,1494.346,20.000,,,,,,
Q4115,Alloskin,1 SQ CM,12.384,20.000,,,,,,
Q4118,Matristem micromatrix,1 MG,2.553,20.000,,,,,,
Q4121,Theraskin,1 SQ CM,51.787,20.000,,,,,,
Q4123,Alloskin,1 SQ CM,71.550,20.000,,,,,,Added April 2025
Q4124,Oasis tri-layer wound matrix,1 SQ CM,9.092,20.000,,,,,,
Q4126,Memoderm/derma/tranz/integup,1 SQ CM,63.304,20.000,,,,,,
Q4127,Talymed,1 SQ CM,68.487,20.000,,,,,,
Q4128,Flexhd/allopatchhd/sq cm,1 SQ CM,24.467,20.000,,,,,,
Q4132,"Grafix core, grafixpl core",1 SQ CM,37.502,20.000,,,,,,
Q4133,Grafix stravix prime pl sqcm,1 SQ CM,136.366,20.000,,,,,,
Q4137,Amnioexcel biodexcel 1sq cm,1 SQ CM,102.184,20.000,,,,,,
Q4138,"Biodfence dryflex, 1cm",1 SQ CM,94.255,20.000,,,,,,
Q4140,Biodfence 1cm,1 SQ CM,168.919,20.000,,,,,,
Q4141,"Alloskin ac, 1 cm",1 SQ CM,37.865,20.000,,,,,,
Q4143,"Repriza, 1cm",1 SQ CM,33.920,20.000,,,,,,Added April 2025
Q4148,Neox neox rt or clarix cord,1 SQ CM,128.431,20.000,,,,,,
Q4150,Allowrap ds or dry 1 sq cm,1 SQ CM,82.762,20.000,,,,,,
Q4151,"Amnioband, guardian 1 sq cm",1 SQ CM,136.475,20.000,,,,,,
Q4152,Dermapure 1 square cm,1 SQ CM,54.623,20.000,,,,,,
Q4153,"Dermavest, plurivest sq cm",1 SQ CM,128.080,20.000,,,,,,
Q4154,Biovance 1 square cm,1 SQ CM,133.660,20.000,,,,,,
Q4155,Neoxflo or clarixflo 1 mg,1 MG,26.309,20.000,,,,,,
Q4156,Neox 100 or clarix 100,1 SQ CM,64.750,20.000,,,,,,
Q4158,"Kerecis omega3, per sq cm",1 SQ CM,63.618,20.000,,,,,,
Q4159,Affinity1 square cm,1 SQ CM,262.929,20.000,,,,,,
Q4160,Nushield 1 square cm,1 SQ CM,92.651,20.000,,,,,,
Q4161,Bio-connekt per square cm,1 SQ CM,1853.655,20.000,,,,,,Added April 2025
Q4163,"Woundex, bioskin, per sq cm",1 SQ CM,182.181,20.000,,,,,,
Q4164,"Helicoll, per square cm",1 SQ CM,322.151,20.000,,,,,,Added April 2025
Q4166,"Cytal, per square centimeter",1 SQ CM,21.495,20.000,,,,,,
Q4170,"Cygnus, per sq cm",1 SQ CM,444.740,20.000,,,,,,Added April 2025
Q4171,"Interfyl, 1 mg",1 MG,12.125,20.000,,,,,,
Q4173,Palingen or palingen xplus,1 SQ CM,360.508,20.000,,,,,,Added April 2025
Q4175,Miroderm,1 SQ CM,68.556,20.000,,,,,,
Q4178,"Floweramniopatch, per sq cm",1 SQ CM,92.030,20.000,,,,,,
Q4180,"Revita, per sq cm",1 SQ CM,1030.144,20.000,,,,,,Added April 2025
Q4184,Cellesta or duo per sq cm,1 SQ CM,80.040,20.000,,,,,,
Q4186,Epifix 1 sq cm,1 SQ CM,158.334,20.000,,,,,,
Q4187,Epicord 1 sq cm,1 SQ CM,247.017,20.000,,,,,,
Q4188,Amnioarmor 1 sq cm,1 SQ CM,493.303,20.000,,,,,,
Q4190,Artacent ac 1 sq cm,1 SQ CM,177.494,20.000,,,,,,
Q4191,Restorigin 1 sq cm,1 SQ CM,940.152,20.000,,,,,,
Q4193,Coll-e-derm 1 sq cm,1 SQ CM,1608.269,20.000,,,,,,Added April 2025
Q4194,Novachor 1 sq cm,1 SQ CM,719.368,20.000,,,,,,
Q4195,Puraply 1 sq cm,1 SQ CM,100.174,20.000,,,,,,
Q4196,Puraply am 1 sq cm,1 SQ CM,105.464,20.000,,,,,,
Q4197,Puraply xt 1 sq cm,1 SQ CM,73.535,20.000,,,,,,
Q4199,"Cygnus matrix, per sq cm",1 SQ CM,332.422,20.000,,,,,,
Q4201,Matrion 1 sq cm,1 SQ CM,86.346,20.000,,,,,,
Q4203,"Derma-gide, 1 sq cm",1 SQ CM,300.181,20.000,,,,,,
Q4204,Xwrap 1 sq cm,1 SQ CM,2929.017,20.000,,,,,,Added April 2025
Q4205,Membrane graft or wrap sq cm,1 SQ CM,1055.970,20.000,,,,,,
Q4217,Woundfix biowound plus xplus,1 SQ CM,273.512,20.000,,,,,,
Q4221,Amniowrap2 per sq cm,1 SQ CM,2014.000,20.000,,,,,,Added April 2025
Q4222,"Progenamatrix, per sq cm",1 SQ CM,135.925,20.000,,,,,,
Q4225,"Amnio or derma tl, per sq cm",1 SQ CM,1387.085,20.000,,,,,,Added April 2025
Q4227,Amniocore per sq cm,1 SQ CM,1192.500,20.000,,,,,,Added April 2025
Q4229,Cogenex amnio memb per sq cm,1 SQ CM,501.553,20.000,,,,,,
Q4231,"Corplex p, per cc",1 CC,656.136,20.000,,,,,,
Q4232,"Corplex, per sq cm",1 SQ CM,206.483,20.000,,,,,,
Q4234,"Xcellerate, per sq cm",1 SQ CM,247.916,20.000,,,,,,
Q4235,Amniorepair or altiply sq cm,1 SQ CM,94.927,20.000,,,,,,
Q4236,Carepatch per sq cm,1 SQ CM,482.715,20.000,,,,,,
Q4238,"Derm-maxx, per sq cm",1 SQ CM,1644.991,20.000,,,,,,
Q4239,Amnio-maxx or lite per sq cm,1 SQ CM,2349.924,20.000,,,,,,Added April 2025
Q4248,Dermacyte amn mem allo sq cm,1 SQ CM,2797.108,20.000,,,,,,Added April 2025
Q4250,Amnioamp-mp per sq cm,1 SQ CM,2863.134,20.000,,,,,,Added April 2025
Q4252,"Vendaje, per square centimet",1 SQ CM,99.110,20.000,,,,,,
Q4253,Zenith amniotic membrane psc,1 SQ CM,71.498,20.000,,,,,,
Q4256,"Mlg complet, per sq cm",1 SQ CM,935.023,20.000,,,,,,
Q4257,"Relese, per sq cm",1 SQ CM,494.942,20.000,,,,,,
Q4258,"Enverse, per sq cm",1 SQ CM,71.815,20.000,,,,,,
Q4259,Celera per sq cm,1 SQ CM,975.262,20.000,,,,,,
Q4262,"Dual layer impax, per sq cm",1 SQ CM,169.857,20.000,,,,,,
Q4263,"Surgraft tl, per sq cm",1 SQ CM,1712.999,20.000,,,,,,Added April 2025
Q4264,"Cocoon membrane, per sq cm",1 SQ CM,478.060,20.000,,,,,,Added April 2025
Q4265,Neostim tl per sq cm,1 SQ CM,1750.263,20.000,,,,,,
Q4266,Neostim per sq cm,1 SQ CM,989.673,20.000,,,,,,
Q4267,Neostim dl per sq cm,1 SQ CM,274.606,20.000,,,,,,
Q4269,Surgraft xt per sq cm,1 SQ CM,2862.000,20.000,,,,,,Added April 2025
Q4270,Complete sl per sq cm,1 SQ CM,3370.800,20.000,,,,,,Added April 2025
Q4271,Complete ft per sq cm,1 SQ CM,1399.124,20.000,,,,,,
Q4274,"Esano ac, per sq cm",1 SQ CM,1838.291,20.000,,,,,,Added April 2025
Q4275,"Esano aca, per sq cm",1 SQ CM,2676.500,20.000,,,,,,Added April 2025
Q4276,"Orion, per sq cm",1 SQ CM,464.342,20.000,,,,,,
Q4278,"Epieffect, per sq cm",1 SQ CM,246.046,20.000,,,,,,
Q4279,"Vendaje ac, per sq cm",1 SQ CM,2385.000,20.000,,,,,,
Q4280,Xcell amnio matrix per sq cm,1 SQ CM,3246.048,20.000,,,,,,
Q4281,Barrera slor dl per sq cm,1 SQ CM,560.296,20.000,,,,,,
Q4282,Cygnus dual per sq cm,1 SQ CM,487.314,20.000,,,,,,
Q4283,"Biovance tri or 3l, sq cm",1 SQ CM,550.643,20.000,,,,,,
Q4289,"Revoshield+ amnio, per sq cm",1 SQ CM,1602.229,20.000,,,,,,
Q4290,Membrane wrap hydr per sq cm,1 SQ CM,1841.001,20.000,,,,,,Added April 2025
Q4293,"Acesso dl, per sq cm",1 SQ CM,1584.700,20.000,,,,,,Added April 2025
Q4294,"Amnio quad-core, per sq cm",1 SQ CM,2650.000,20.000,,,,,,Added April 2025
Q4295,"Amnio tri-core, per sq cm",1 SQ CM,2332.000,20.000,,,,,,Added April 2025
Q4296,"Rebound matrix, per sq cm",1 SQ CM,1476.130,20.000,,,,,,Added April 2025
Q4297,"Emerge matrix, per sq cm",1 SQ CM,1748.223,20.000,,,,,,
Q4298,"Amnicore pro, per sq cm",1 SQ CM,2279.000,20.000,,,,,,
Q4299,"Amnicore pro+, per sq cm",1 SQ CM,2597.000,20.000,,,,,,Added April 2025
Q4300,"Acesso tl, per sq cm",1 SQ CM,2114.700,20.000,,,,,,
Q4301,"Activate matrix, per sq cm",1 SQ CM,1896.761,20.000,,,,,,
Q4302,"Complete aca, per sq cm",1 SQ CM,2008.700,20.000,,,,,,
Q4303,"Complete aa, per sq cm",1 SQ CM,3397.401,20.000,,,,,,
Q4304,"Grafix plus, per sq cm",1 SQ CM,753.463,20.000,,,,,,
Q4309,"Via matrix, per sq cm",1 SQ CM,1323.965,20.000,,,,,,Added April 2025
Q4310,"Procenta, per 100 mg",100 MG,2213.138,20.000,,,,,,
Q4313,"Dermabind fm, per sq cm",1 SQ CM,3337.231,20.000,,,,,,Added April 2025
Q4319,"Sanograft, per sq cm",1 SQ CM,2650.000,20.000,,,,,,Added April 2025
Q4322,"Caregraft, per sq cm",1 SQ CM,1855.000,20.000,,,,,,Added April 2025
Q4323,"Alloply, per sq cm",1 SQ CM,1643.000,20.000,,,,,,Added April 2025
Q4325,"Acapatch, per sq cm",1 SQ CM,2067.000,20.000,,,,,,Added April 2025
Q4328,"Most, per sq cm",1 SQ CM,3710.000,20.000,,,,,,Added April 2025
Q4332,"Axolotl dualgraft, per sq cm",1 SQ CM,1696.165,20.000,,,,,,Added April 2025
Q4343,Dermacyte ac matrx per sq cm,1 SQ CM,2952.100,20.000,,,,,,Added April 2025
Q5101,"Injection, zarxio",1 MCG,0.333,20.000,,,,,,8% of reference add-on applied
Q5103,"Injection, inflectra",10 MG,15.912,20.000,,,,,,8% of reference add-on applied
Q5104,"Injection, renflexis",10 MG,27.845,20.000,,,,,,8% of reference add-on applied
Q5105,Inj retacrit esrd on dialysi,100 UNITS,0.707,20.000,,,,,,8% of reference add-on applied
Q5106,Inj retacrit non-esrd use,1000 UNITS,7.070,20.000,,,,,,8% of reference add-on applied
Q5107,Inj mvasi 10 mg,10 MG,29.824,20.000,,,,,,8% of reference add-on applied
Q5108,"Injection, fulphila",0.5 MG,112.895,20.000,,,,,,
Q5110,Nivestym,1 MCG,0.287,20.000,,,,,,8% of reference add-on applied
Q5111,"Injection, udenyca 0.5 mg",0.5 MG,163.604,20.000,,,,,,
Q5112,Inj ontruzant 10 mg,10 MG,28.740,20.000,,,,,,8% of reference add-on applied
Q5113,Inj herzuma 10 mg,10 MG,73.905,20.000,,,,,,8% of reference add-on applied
Q5114,Inj ogivri 10 mg,10 MG,46.816,20.000,,,,,,8% of reference add-on applied
Q5115,Inj truxima 10 mg,10 MG,34.759,20.000,,,,,,8% of reference add-on applied
Q5116,"Inj., trazimera, 10 mg",10 MG,24.931,20.000,,,,,,8% of reference add-on applied
Q5117,"Inj., kanjinti, 10 mg",10 MG,27.905,20.000,,,,,,AMP-based payment limit
Q5118,"Inj., zirabev, 10 mg",10 MG,26.943,20.000,,,,,,8% of reference add-on applied
Q5119,"Inj ruxience, 10 mg",10 MG,24.943,20.000,,,,,,8% of reference add-on applied
Q5120,Inj pegfilgrastim-bmez 0.5mg,0.5 MG,24.711,20.000,,,,,,
Q5121,"Inj. avsola, 10 mg",10 MG,19.749,20.000,,,,,,8% of reference add-on applied
Q5122,"Inj, nyvepria",0.5 MG,134.252,20.000,,,,,,
Q5123,"Inj. riabni, 10 mg",10 MG,33.087,20.000,,,,,,8% of reference add-on applied
Q5124,"Inj. byooviz, 0.1 mg",0.1 MG,85.569,20.000,,,,,,8% of reference add-on applied
Q5125,"Inj, releuko 1 mcg",1 MCG,0.425,20.000,,,,,,8% of reference add-on applied
Q5126,Inj alymsys 10 mg,10 MG,46.054,20.000,,,,,,8% of reference add-on applied
Q5127,"Inj, stimufend, 0.5 mg",0.5 MG,251.245,20.000,,,,,,
Q5128,"Inj, cimerli, 0.1 mg",0.1 MG,146.761,20.000,,,,,,
Q5129,"Inj, vegzelma, 10 mg",10 MG,48.080,20.000,,,,,,8% of reference add-on applied
Q5130,"Inj, fylnetra, 0.5 mg",0.5 MG,164.154,20.000,,,,,,
Q5133,"Inj, tofidence, 1 mg",1 MG,5.971,20.000,,,,,,8% of reference add-on applied
Q5135,"Inj, tyenne, 1 mg",1 MG,4.065,20.000,,,,,,8% of reference add-on applied
Q5147,"Inj, aflibercept-ayyh, 1 mg",1 MG,795.861,20.000,,,,,,Added April 2025
Q9950,Inj sulf hexa lipid microsph,1 ML,18.723,20.000,,,,,,
Q9956,"Inj octafluoropropane mic,ml",1 ML,41.881,20.000,,,,,,
Q9957,"Inj perflutren lip micros,ml",1 ML,41.881,20.000,,,,,,
Q9958,"Hocm <=149 mg/ml iodine, 1ml",1 ML,0.075,20.000,,,,,,
Q9961,"Hocm 250-299mg/ml iodine,1ml",1 ML,0.286,20.000,,,,,,
Q9963,"Hocm 350-399mg/ml iodine,1ml",1 ML,0.219,20.000,,,,,,
Q9965,"Locm 100-199mg/ml iodine,1ml",1 ML,0.934,20.000,,,,,,
Q9966,"Locm 200-299mg/ml iodine,1ml",1 ML,0.407,20.000,,,,,,
Q9967,"Locm 300-399mg/ml iodine,1ml",1 ML,0.143,20.000,,,,,,
Q9991,Buprenorph xr 100 mg or less,Less than or equal to 100 MG,1925.231,20.000,,,,,,
Q9992,Buprenorphine xr over 100 mg,Greater than 100 MG,1925.231,20.000,,,,,,
