Payment Allowance Limits for Medicare Part B Drugs,,,,,,,,,,
,,,,,,,,,,
"Effective July 1, 2024 through September 30, 2024",,,,,,,,,,
,,,,,,,,,,
Note 1: Payment allowance limits subject to the ASP methodology are based on 1Q24 ASP data.,,,,,,,,,,
Note 2: The absence or presence of a HCPCS code and the payment allowance limits in this table does not indicate whether Medicare covers a drug.  These determinations shall be made by the local Medicare contractor processing the claim.,,,,,,,,,,
,,,,,,,,,,
,,,,,,,,,,
HCPCS Code,Short Description,HCPCS Code Dosage,Payment Limit,Co-insurance Percentage,Vaccine AWP%,Vaccine Limit,Blood AWP%,Blood limit,Clotting Factor,Notes
90371,Hep b ig im,1 ML,143.771,20,,,,,,
90375,Rabies ig im/sc,150 IU,288.383,20,,,,,,
90377,Rabies ig ht&sol human im/sc,150 IU,260.435,20,,,,,,
90586,Bcg vaccine intravesical,1 EACH,143.589,20,,,,,,
90632,Hepa vaccine adult im,1 ML,70.388,20,,,,,,
90662,Iiv no prsv increased ag im,0.5 ML,73.403,0,95,73.403,,,,see the Seasonal Influenza Vaccines Pricing webpage for current payment limits and effective dates
90670,Pcv13 vaccine im,0.5 ML,257.989,0,95,257.989,,,,
90671,PCV15 vaccine IM,1 EA,253.56,0,95,253.56,,,,
90672,Laiv4 vaccine intranasal,0.2 ML,27.788,0,95,27.788,,,,see the Seasonal Influenza Vaccines Pricing webpage for current payment limits and effective dates
90674,Cciiv4 vac no prsv 0.5 ml im,0.5 ML,34.172,0,95,34.172,,,,see the Seasonal Influenza Vaccines Pricing webpage for current payment limits and effective dates
90675,Rabies vaccine im,1 ML,338.493,20,,,,,,
90677,Pcv20 vaccine im,0.5 ML,298.036,0,95,298.036,,,,
90682,Riv4 vacc recombinant dna im,0.5 ML,73.403,0,95,73.403,,,,see the Seasonal Influenza Vaccines Pricing webpage for current payment limits and effective dates
90686,Iiv4 vacc no prsv 0.5 ml im,0.5 ml,22.35,0,95,22.35,,,,see the Seasonal Influenza Vaccines Pricing webpage for current payment limits and effective dates
90687,Iiv4 vaccine splt 0.25 ml im,0.25 ML,10.439,0,95,10.439,,,,see the Seasonal Influenza Vaccines Pricing webpage for current payment limits and effective dates 
90688,Iiv4 vaccine splt 0.5 ml im,0.5 ML,20.878,0,95,20.878,,,,see the Seasonal Influenza Vaccines Pricing webpage for current payment limits and effective dates 
90694,Vacc AIIV4 no prsrv 0.5ML IM,0.5 ML,77.359,0,95,77.359,,,,see the Seasonal Influenza Vaccines Pricing webpage for current payment limits and effective dates 
90714,Td vacc no presv 7 yrs+ im,0.5 ML,27.817,20,,,,,,
90715,Tdap vaccine 7 yrs/> im,0.5 ML,38.292,20,,,,,,
90732,Ppsv23 vacc 2 yrs+ subq/im,0.5 ML,133.472,0,95,133.472,,,,
90739,Hepb vacc 2 dose adult im,1 DOSE,168.298,0,95,168.298,,,,
90740,Hepb vacc 3 dose immunsup im,40 MCG,158.152,0,95,158.152,,,,
90743,"Hep b vacc, adol, 2 dose, im",1 DOSE,75.145,0,95,75.145,,,,
90744,Hepb vacc 3 dose ped/adol im,1 DOSE,30.77,0,95,30.77,,,,
90746,Hepb vaccine 3 dose adult im,20 MCG,70.376,0,95,70.376,,,,
90747,Hepb vacc 4 dose immunsup im,40 MCG,140.752,0,95,140.752,,,,
90756,Cciiv4 vacc abx free im,0.5 ML,32.374,0,95,32.374,,,,see the Seasonal Influenza Vaccines Pricing webpage for current payment limits and effective dates
90759,Hep b vac 3ag 10mcg 3 dos im,10 MCG,73.815,0,95,73.815,,,,
91304,SARSCOV2 VAC 5MCG/0.5ML IM,0.5 ML,148.2,0,95,148.2,,,,See COVID-19 vaccine pricing webpage for payment effective dates
91318,SARSCOV2 VAC 3MCG TRS-SUC IM,0.3 ML,65.55,0,95,65.55,,,,See COVID-19 vaccine pricing webpage for payment effective dates
91319,SARSCV2 VAC 10MCG TRS-SUC IM,0.3 ML,87.78,0,95,87.78,,,,See COVID-19 vaccine pricing webpage for payment effective dates
91320,SARSCV2 VAC 30MCG TRS-SUC IM,0.3 ML,131.1,0,95,131.1,,,,See COVID-19 vaccine pricing webpage for payment effective dates
91321,SARSCOV2 VAC 25 MCG/.25ML IM,0.25 ML,145.92,0,95,145.92,,,,See COVID-19 vaccine pricing webpage for payment effective dates
91322,SARSCOV2 VAC 50 MCG/0.5ML IM,0.5 ML,145.92,0,95,145.92,,,,See COVID-19 vaccine pricing webpage for payment effective dates
A9573,Inj gadopiclenol,1 ML,3.911,20,,,,,,
A9575,Inj gadoterate meglumi 0.1ml,0.1 ML,0.116,20,,,,,,
A9576,Inj prohance multipack,1 ML,1.472,20,,,,,,
A9577,Inj multihance,1 ML,1.834,20,,,,,,
A9578,Inj multihance multipack,1 ML,1.808,20,,,,,,
A9579,"Gad-base mr contrast nos,1ml",1 ML,1.502,20,,,,,,
A9581,Gadoxetate disodium inj,1 ML,14.729,20,,,,,,
A9585,Gadobutrol injection,0.1 ML,0.31,20,,,,,,
A9589,Insti hexaminolevulinate hcl,100 MG,1341.186,20,,,,,,
A9606,Radium ra223 dichloride ther,1 microCurie,N/A,20,,,,,,"microCurie 100% AWP = $191.18
microCurie 100% WAC = $159.32"
J0121,"Inj., omadacycline, 1 mg",1 MG,3.88,19.983,,,,,,Inflation-adjusted coinsurance
J0122,"Inj., eravacycline, 1 mg",1 MG,1.213,19.79,,,,,,Inflation-adjusted coinsurance
J0129,Abatacept injection,10 MG,43.727,20,,,,,,"""lesser of"" methodology applied"
J0131,"Inj, acetaminophen (nos)",10 MG,0.054,20,,,,,,
J0132,Acetylcysteine injection,100 MG,0.57,20,,,,,,
J0133,Acyclovir injection,5 MG,0.039,20,,,,,,
J0134,Inj acetaminophen -fresenius,10 MG,0.048,20,,,,,,
J0136,"Inj, acetaminophen (b braun)",10 MG,0.05,20,,,,,,
J0137,"Inj, acetaminophen (hikma)",10 MG,0.053,20,,,,,,
J0153,Adenosine inj 1mg,1 MG,0.423,20,,,,,,
J0171,Adrenalin epinephrine inject,0.1 MG,0.807,20,,,,,,
J0172,"Inj, aducanumab-avwa, 2 mg",2 MG,5.978,20,,,,,,
J0173,"Inj, epinephrine (belcher)",0.1 MG,1.859,20,,,,,,
J0174,"Inj, lecanemab-irmb, 1 mg",1 MG,1.336,20,,,,,,
J0177,"Inj, aflibercept hd, 1 mg",1 MG,335.707,20,,,,,,
J0178,Aflibercept injection,1 MG,835.399,20,,,,,,
J0179,"Inj, brolucizumab-dbll, 1 mg",1 MG,331.229,20,,,,,,
J0180,Agalsidase beta injection,1 MG,222.931,20,,,,,,
J0185,"Inj., aprepitant, 1 mg",1 MG,1.716,20,,,,,,
J0202,"Injection, alemtuzumab",1 MG,2348.836,20,,,,,,
J0206,Inj allopurinol sodium 1 mg,1 MG,5.49,20,,,,,,
J0218,Inj olipudase alfa-rpcp 1mg,1 MG,381.833,20,,,,,,
J0219,Inj aval alfa-nqpt 4mg,4 MG,77.6,20,,,,,,
J0221,Lumizyme injection,10 MG,201.667,20,,,,,,
J0222,"Inj., patisiran, 0.1 mg",0.1 MG,99.352,20,,,,,,
J0223,Inj givosiran 0.5 mg,0.5 MG,112.279,20,,,,,,
J0224,"Inj. lumasiran, 0.5 mg",0.5 MG,318.494,20,,,,,,
J0225,"Inj, vutrisiran, 1 mg",1 MG,4932.109,20,,,,,,
J0248,"Inj, remdesivir, 1 mg",1 MG,6.354,20,,,,,,
J0256,Alpha 1 proteinase inhibitor,10 MG,3.565,20,,,,,,
J0257,Glassia injection,10 MG,5.385,20,,,,,,
J0278,Amikacin sulfate injection,100 MG,0.788,20,,,,,,
J0280,Aminophyllin 250 mg inj,250 MG,13.179,20,,,,,,
J0283,"Inj, amiodarone (nexterone)",30 MG,2.422,12.151,,,,,,Inflation-adjusted coinsurance
J0285,Amphotericin b,50 MG,46.899,20,,,,,,
J0289,Amphotericin b liposome inj,10 MG,21.631,20,,,,,,
J0290,Ampicillin 500 mg inj,500 MG,0.88,20,,,,,,
J0291,"Inj., plazomicin, 5 mg",5 MG,3.593,19.984,,,,,,Inflation-adjusted coinsurance
J0295,Ampicillin sulbactam 1.5 gm,1.5 GM,1.94,20,,,,,,
J0348,Anidulafungin injection,1 MG,0.532,20,,,,,,
J0349,"Inj, rezafungin, 1 mg",1 MG,10.122,20,,,,,,Added July 2024
J0360,Hydralazine hcl injection,20 MG,4.109,20,,,,,,
J0401,Inj aripiprazole ext rel 1mg,1 MG,7.005,19.915,,,,,,Inflation-adjusted coinsurance
J0402,"Inj, abilify asimtufii, 1 mg",1 MG,5.922,20,,,,,,
J0456,Azithromycin,500 MG,2.175,20,,,,,,
J0457,"Injection, aztreonam, 100 mg",100 MG,2.128,20,,,,,,
J0461,Atropine sulfate injection,0.01 MG,0.084,20,,,,,,
J0475,Baclofen 10 mg injection,10 MG,177.577,20,,,,,,
J0476,Baclofen intrathecal trial,50 MCG,45.94,20,,,,,,
J0480,Basiliximab,20 MG,4581.223,20,,,,,,
J0485,Belatacept injection,1 MG,3.871,20,,,,,,
J0490,Belimumab injection,10 MG,54.129,20,,,,,,
J0491,Inj anifrolumab-fnia 1mg,1 MG,17.331,20,,,,,,
J0500,Dicyclomine injection,20 MG,20.332,20,,,,,,
J0515,Inj benztropine mesylate,1 MG,16.291,20,,,,,,
J0517,"Inj., benralizumab, 1 mg",1 MG,168.222,20,,,,,,"""lesser of"" methodology applied"
J0558,Peng benzathine/procaine inj,"100,000 UNITS",19.523,14.544,,,,,,Inflation-adjusted coinsurance
J0561,Penicillin g benzathine inj,"100,000 UNITS",23.972,14.946,,,,,,Inflation-adjusted coinsurance
J0565,"Inj, bezlotoxumab, 10 mg",10 MG,39.885,20,,,,,,
J0577,"Inj, brixadi, 7 days or less",Less than or equal to 7 days of therapy ,426.971,20,,,,,,
J0578,"Inj,brixadi, more than 7 day",Greater than 7 days and up to 28 days of therapy ,1707.883,20,,,,,,
J0583,Bivalirudin,1 MG,0.202,20,,,,,,
J0584,"Injection, burosumab-twza 1m",1 MG,464.74,18.725,,,,,,Inflation-adjusted coinsurance
J0585,"Injection,onabotulinumtoxina",1 UNIT,6.375,20,,,,,,
J0586,Abobotulinumtoxina,5 Unit,8.775,20,,,,,,
J0587,"Inj, rimabotulinumtoxinb",100 UNITS,13.063,20,,,,,,
J0588,Incobotulinumtoxin a,1 UNIT,5.206,20,,,,,,
J0592,Buprenorphine hydrochloride,0.1 MG,3.793,20,,,,,,
J0594,Busulfan injection,1 MG,0.955,20,,,,,,
J0595,Butorphanol tartrate 1 mg,1 MG,3.816,20,,,,,,
J0596,"Injection, ruconest",10 UNITS,34.778,20,,,,,,
J0597,"C-1 esterase, berinert",10 UNITS,67.769,20,,,,,,
J0598,"C-1 esterase, cinryze",10 UNITS,64.283,20,,,,,,
J0612,Calcium glucon (fresenius),10 MG,0.035,20,,,,,,
J0613,Calcium glucon (wg critical),10 MG,0.087,20,,,,,,
J0630,Calcitonin salmon injection,400 UNITS,1071.969,20,,,,,,
J0637,Caspofungin acetate,5 MG,6.715,20,,,,,,
J0638,Canakinumab injection,1 MG,126.545,20,,,,,,
J0640,Leucovorin calcium injection,50 MG,4.426,20,,,,,,
J0641,Inj levoleucovorin nos 0.5mg,0.5 MG,0.018,20,,,,,,
J0642,"Injection, khapzory, 0.5 mg",0.5 MG,1.7,20,,,,,,
J0665,"Inj, bupivacaine, nos, 0.5mg",0.5 MG,0.011,20,,,,,,
J0670,Inj mepivacaine hcl/10 ml,10 ML,3.381,20,,,,,,
J0687,Inj cefazolin (wg crit care),500 MG,1.081,20,,,,,,Added July 2024
J0688,"Inj cefazolin sodium, hikma",500 MG,1.061,20,,,,,,
J0689,"Inj cefazolin sodium, baxter",500 MG,1.272,20,,,,,,
J0690,Cefazolin sodium injection,500 MG,0.817,20,,,,,,
J0692,Cefepime hcl for injection,500 MG,1.275,20,,,,,,
J0694,Cefoxitin sodium injection,1 GM,4.483,20,,,,,,
J0695,Inj ceftolozane tazobactam,75mg (50mg cft/25mg taz),8.241,18.991,,,,,,Inflation-adjusted coinsurance
J0696,Ceftriaxone sodium injection,250 MG,0.456,20,,,,,,
J0697,Sterile cefuroxime injection,750 MG,1.867,20,,,,,,
J0699,"Inj, cefiderocol, 10 mg",10 mg,2.269,20,,,,,,
J0701,Inj. cefepime hcl (baxter),500 MG,5.694,7.823,,,,,,Inflation-adjusted coinsurance
J0702,Betamethasone acet&sod phosp,3 MG & 3 MG,7.276,20,,,,,,
J0703,"Inj, cefepime hcl (b braun)",500 MG,5.134,8.676,,,,,,Inflation-adjusted coinsurance
J0712,Ceftaroline fosamil inj,10 MG,4.026,20,,,,,,
J0713,Inj ceftazidime per 500 mg,500 MG,1.619,20,,,,,,
J0714,Ceftazidime and avibactam,.625 GM,100.2,20,,,,,,
J0717,Certolizumab pegol inj 1mg,1 MG,4.456,20,,,,,,"""lesser of"" methodology applied"
J0725,Chorionic gonadotropin/1000u,1000 UNITS,21.816,20,,,,,,
J0735,Clonidine hydrochloride,1 MG,17.368,20,,,,,,
J0736,"Inj, clindamycin phosp 300mg",300 MG,2.391,20,,,,,,
J0737,"Inj, clindamycin (baxter)",300 MG,3.264,20,,,,,,
J0740,Cidofovir injection,375 MG,544.734,20,,,,,,
J0741,"Inj, cabote rilpivir 2mg 3mg",2MG/3MG,22.924,20,,,,,,
J0742,Inj imip 4 cilas 4 releb 2mg,4 MG-4 MG-2 MG,2.515,20,,,,,,
J0743,Cilastatin sodium injection,250 MG,6.913,20,,,,,,
J0744,Ciprofloxacin iv,200 MG,1.846,20,,,,,,
J0770,Colistimethate sodium inj,150 MG,10.897,20,,,,,,
J0775,"Collagenase, clost hist inj",0.01 MG,68.683,18.678,,,,,,Inflation-adjusted coinsurance
J0780,Prochlorperazine injection,10 MG,3.644,20,,,,,,
J0791,Inj crizanlizumab-tmca 5mg,5 MG,127.387,20,,,,,,
J0801,Inj. acthar gel to 40 units,40 UNITS,3479.526,20,,,,,,
J0802,"Inj. (ani), up to 40 units",up to 40 Units,3480.986,20,,,,,,
J0834,"Inj., cosyntropin, 0.25 mg",0.25 MG,21.73,20,,,,,,
J0840,Crotalidae poly immune fab,UP TO 1 GM,1894.146,20,,,,,,
J0841,Inj crotalidae im f(ab')2 eq,120 MG,1056.385,20,,,,,,
J0850,Cytomegalovirus imm iv /vial,PER VIAL,1812.137,19.788,,,,,,Inflation-adjusted coinsurance
J0872,Daptomycin (xellia) unrefrig,1 MG,0.325,20,,,,,,Added July 2024
J0873,"Inj, daptomycin (xellia)",1 MG,0.031,20,,,,,,
J0874,"Inj, daptomycin (baxter)",1 MG,0.068,20,,,,,,
J0875,"Injection, dalbavancin",5 MG,15.789,20,,,,,,
J0877,"Inj, daptomycin (hospira)",1 MG,0.059,20,,,,,,
J0878,Daptomycin injection,1 MG,0.022,20,,,,,,
J0881,"Darbepoetin alfa, non-esrd",1 MCG,3.063,20,,,,,,
J0882,"Darbepoetin alfa, esrd use",1 MCG,3.063,20,,,,,,
J0885,"Epoetin alfa, non-esrd",1000 UNITS,8.134,20,,,,,,
J0887,Epoetin beta esrd use,1 MCG,1.075,20,,,,,,
J0888,Epoetin beta non esrd,1 MCG,1.075,20,,,,,,
J0894,Decitabine injection,1 MG,1.431,20,,,,,,
J0895,Deferoxamine mesylate inj,500 MG,6.9,20,,,,,,
J0896,Inj luspatercept-aamt 0.25mg,0.25 MG,40.68,20,,,,,,
J0897,Denosumab injection,1 MG,26.749,18.488,,,,,,Inflation-adjusted coinsurance
J1000,Depo-estradiol cypionate inj,5 MG,39.33,20,,,,,,
J1010,"Inj, methylpred acetate 1 mg",1 MG,0.138,20,,,,,,
J1071,Inj testosterone cypionate,1 MG,0.031,20,,,,,,
J1100,Dexamethasone sodium phos,1 MG,0.113,20,,,,,,
J1110,Inj dihydroergotamine mesylt,1 MG,47.114,20,,,,,,
J1120,Acetazolamid sodium injectio,500 MG,24.035,20,,,,,,
J1160,Digoxin injection,0.5 MG,7.174,20,,,,,,
J1162,Digoxin immune fab (ovine),PER VIAL,4777.441,20,,,,,,
J1165,Phenytoin sodium injection,50 MG,0.497,20,,,,,,
J1170,Hydromorphone injection,4 MG,2.703,20,,,,,,
J1190,Dexrazoxane hcl injection,250 MG,100.665,20,,,,,,
J1200,Diphenhydramine hcl injectio,50 MG,0.907,20,,,,,,
J1201,Inj. cetirizine hcl 0.5mg,0.5 MG,14.955,20,,,,,,
J1203,"Inj, cipaglucosidase, 5 mg",5 MG,88.141,20,,,,,,Added July 2024
J1205,Chlorothiazide sodium inj,500 MG,63.789,20,,,,,,
J1212,Dimethyl sulfoxide 50% 50 ml,50 ML,706.17,20,,,,,,
J1230,Methadone injection,10 MG,20.69,20,,,,,,
J1240,Dimenhydrinate injection,50 MG,8.453,20,,,,,,
J1245,Dipyridamole injection,10 MG,3.876,20,,,,,,
J1250,Inj dobutamine hcl/250 mg,250 MG,7.581,20,,,,,,
J1265,Dopamine injection,40 MG,0.786,20,,,,,,
J1270,"Injection, doxercalciferol",1 MCG,0.331,20,,,,,,
J1290,Ecallantide injection,1 MG,562.88,20,,,,,,
J1300,Eculizumab injection,10 MG,225.47,20,,,,,,
J1301,"Injection, edaravone, 1 mg",1 MG,21.823,20,,,,,,
J1302,"Inj, sutimlimab-jome, 10 mg",10 MG,18.101,20,,,,,,
J1303,"Inj., ravulizumab-cwvz 10 mg",10 MG,221.207,20,,,,,,
J1304,Inj tofersen intrathec 1 mg,1 MG,150.827,20,,,,,,
J1305,"Inj, evinacumab-dgnb, 5mg",5 MG,182.655,20,,,,,,
J1306,"Injection, inclisiran, 1 mg",1 MG,12.205,20,,,,,,
J1322,"Elosulfase alfa, injection",1 MG,288.537,20,,,,,,
J1323,"Inj, elranatamab-bcmm, 1 mg",1 MG,179.921,20,,,,,,
J1325,Epoprostenol injection,0.5 MG,16.474,20,,,,,,
J1335,Ertapenem injection,500 MG,10.739,20,,,,,,
J1364,Erythro lactobionate /500 mg,500 MG,69.785,20,,,,,,
J1380,Estradiol valerate 10 mg inj,10 MG,8.323,20,,,,,,
J1410,Inj estrogen conjugate 25 mg,25 MG,384.03,20,,,,,,
J1430,Ethanolamine oleate 100 mg,100 MG,498.994,20,,,,,,
J1437,Inj. fe derisomaltose 10 mg,10 MG,20.647,20,,,,,,
J1439,Inj ferric carboxymaltos 1mg,1 MG,1.126,20,,,,,,
J1440,Fecal microbiota jslm 1 ml,1 ML,63.282,20,,,,,,
J1442,Inj filgrastim excl biosimil,1 MCG,0.995,20,,,,,,
J1447,Inj tbo filgrastim 1 microg,1 MCG,0.398,20,,,,,,
J1448,"Injection, trilaciclib, 1mg",1 MG,5.281,20,,,,,,
J1449,Inj eflapegrastim-xnst 0.1mg,0.1 MG,26.174,20,,,,,,
J1450,Fluconazole,200 MG,2.448,20,,,,,,
J1453,Fosaprepitant injection,1 MG,0.166,20,,,,,,
J1454,"Inj fosnetupitant, palonoset",0.25 MG,687.145,20,,,,,,
J1456,"Inj, fosaprepitant (teva)",1 MG,2.043,3.832,,,,,,Inflation-adjusted coinsurance
J1458,Galsulfase injection,1 MG,475.674,20,,,,,,
J1459,Inj ivig privigen 500 mg,500 MG,48.671,20,,,,,,
J1460,Gamma globulin 1 cc inj,1 CC,50.071,20,,,,,,
J1551,Inj cutaquig 100 mg,100 MG,14.534,20,,,,,,
J1554,Inj. asceniv,500 MG,491.404,20,,,,,,
J1555,"Inj cuvitru, 100 mg",100 MG,16.892,19.835,,,,,,Inflation-adjusted coinsurance
J1556,"Inj, imm glob bivigam, 500mg",500 MG,75.172,20,,,,,,
J1557,Gammaplex injection,500 MG,54.566,20,,,,,,
J1558,"Inj. xembify, 100 mg",100 MG,14.4,20,,,,,,
J1559,Hizentra injection,100 MG,13.188,20,,,,,,
J1560,Gamma globulin > 10 cc inj,10 CC,500.711,20,,,,,,
J1561,Gamunex-c/gammaked,500 MG,49.58,20,,,,,,
J1566,"Immune globulin, powder",500 MG,79.899,20,,,,,,
J1568,Octagam injection,500 MG,47.74,20,,,,,,
J1569,Gammagard liquid injection,500 MG,45.072,20,,,,,,
J1570,Ganciclovir sodium injection,500 MG,32.014,20,,,,,,
J1571,Hepagam b im injection,0.5 ML,62.779,20,,,,,,
J1575,Hyqvia 100mg immuneglobulin,100 MG,17.239,20,,,,,,
J1576,"Inj, panzyga, 500 mg",500 MG,69.765,20,,,,,,
J1580,Garamycin gentamicin inj,80 MG,2.066,20,,,,,,
J1596,"Inj, glycopyrrolate, 0.1 mg",0.1 MG,0.455,20,,,,,,
J1602,Golimumab for iv use 1mg,1 MG,11.37,20,,,,,,
J1610,Glucagon hydrochloride/1 mg,1 MG,189.462,20,,,,,,
J1611,"Inj glucagon hcl, fresenius",1 MG,129.665,20,,,,,,
J1626,Granisetron hcl injection,100 MCG,0.298,20,,,,,,
J1627,"Inj, granisetron, xr, 0.1 mg",0.1 MG,5.629,20,,,,,,
J1630,Haloperidol injection,5 MG,1.157,20,,,,,,
J1631,Haloperidol decanoate inj,50 MG,6.528,20,,,,,,
J1640,"Hemin, 1 mg",1 MG,32.118,19.414,,,,,,Inflation-adjusted coinsurance
J1642,Inj heparin sodium per 10 u,10 UNITS,0.017,20,,,,,,
J1643,"Inj heparin, pfizer, 1000u",1000 UNITS,3.419,20,,,,,,
J1644,Inj heparin sodium per 1000u,1000 UNITS,0.234,20,,,,,,
J1645,Dalteparin sodium,2500 IU,16.29,12.494,,,,,,Inflation-adjusted coinsurance
J1650,Inj enoxaparin sodium,10 MG,0.576,20,,,,,,
J1652,Fondaparinux sodium,0.5 MG,1.081,20,,,,,,
J1670,Tetanus immune globulin inj,250 UNITS,564.921,20,,,,,,
J1720,Hydrocortisone sodium succ i,100 MG,19.853,20,,,,,,
J1740,Ibandronate sodium injection,1 MG,28.721,20,,,,,,
J1743,Idursulfase injection,1 MG,544.923,20,,,,,,
J1745,Infliximab not biosimil 10mg,10 MG,31.707,20,,,,,,
J1746,"Inj., ibalizumab-uiyk, 10 mg",10 MG,77.245,19.652,,,,,,Inflation-adjusted coinsurance
J1747,"Inj, spesolimab-sbzo, 1 mg",1 MG,61.418,20,,,,,,
J1750,Inj iron dextran,50 MG,17.99,20,,,,,,
J1756,Iron sucrose injection,1 MG,0.228,20,,,,,,
J1786,Imuglucerase injection,10 UNITS,43.737,20,,,,,,
J1805,"Inj, esmolol hcl, 10mg",10 MG,0.264,20,,,,,,
J1806,Inj esmolol hcl wg crit care,10 MG,0.4,20,,,,,,
J1811,Fiasp for insulin pump use,50 UNITS,7.539,20,,,,,,
J1813,Lyumjev for insulin pump use,50 UNITS,15.531,20,,,,,,
J1817,Insulin for insulin pump use,50 UNITS,2.668,20,,,,,,
J1823,"Inj. inebilizumab-cdon, 1 mg",1 MG,483.838,20,,,,,,
J1836,"Inj, metronidazole, 10 mg",10 MG,0.026,20,,,,,,
J1885,Ketorolac tromethamine inj,15 MG,0.833,20,,,,,,
J1920,"Inj, labetalol hcl, 5mg",5 MG,0.174,20,,,,,,
J1921,"Inj labetalol hcl hikma, 5mg",5 MG,2.129,20,,,,,,
J1930,Lanreotide injection,1 MG,50.025,20,,,,,,
J1931,Laronidase injection,0.1 MG,38.629,20,,,,,,
J1932,"Inj, lanreotide, (cipla) 1mg",1 MG,42.343,20,,,,,,
J1939,"Inj, bumetanide, 0.5 mg",0.5 MG,0.615,20,,,,,,
J1940,Furosemide injection,20 MG,0.438,20,,,,,,
J1943,"Inj., aristada initio, 1 mg",1 MG,3.144,20,,,,,,
J1944,Aripiprazole lauroxil 1 mg,1 MG,3.224,20,,,,,,
J1950,Leuprolide acetate /3.75 mg,3.75 MG,1673.933,18.419,,,,,,Inflation-adjusted coinsurance
J1951,Inj fensolvi 0.25 mg,0.25 MG,140,20,,,,,,
J1952,"Leuprolide inj, camcevi, 1mg",1 mg,55.637,20,,,,,,
J1953,Levetiracetam injection,10 MG,0.055,20,,,,,,
J1954,Leuprolide depot cipla 7.5mg,7.5 MG,306.658,20,,,,,,
J1955,Inj levocarnitine per 1 gm,1 GM,30.542,20,,,,,,
J1956,Levofloxacin injection,250 MG,0.935,20,,,,,,
J1961,"Inj, lenacapavir, 1 mg",1 MG,21.917,20,,,,,,
J2001,Lidocaine injection,10 MG,0.026,20,,,,,,
J2010,Lincomycin injection,300 MG,9.948,20,,,,,,
J2020,Linezolid injection,200 MG,2.621,20,,,,,,
J2021,"Inj, linezolid (hospira)",200 MG,14.342,20,,,,,,AMP-based payment limit
J2060,Lorazepam injection,2 MG,1.307,20,,,,,,
J2150,Mannitol injection,50 ML,2.893,20,,,,,,
J2175,Meperidine hydrochl /100 mg,100 MG,6.022,20,,,,,,
J2182,"Injection, mepolizumab, 1mg",1 MG,30.459,20,,,,,,
J2183,Inj meropenem (wg crit care),100 MG,1.601,20,,,,,,Added July 2024
J2184,"Inj, meropenem (b. braun)",100 MG,2.107,9.166,,,,,,Inflation-adjusted coinsurance
J2185,Meropenem,100 MG,0.321,20,,,,,,
J2210,Methylergonovin maleate inj,0.2 MG,20.792,20,,,,,,
J2247,"Inj, micafungin (par pharm)",1 MG,0.486,20,,,,,,
J2248,Micafungin sodium injection,1 MG,0.419,20,,,,,,
J2250,Inj midazolam hydrochloride,1 MG,0.143,20,,,,,,
J2251,Inj midazolam (wg crit care),1 MG,0.213,20,,,,,,
J2260,Inj milrinone lactate / 5 mg,5 MG,1.391,20,,,,,,
J2267,"Inj, mirikizumab-mrkz, 1 mg",1 MG,34.743,20,,,,,,Added July 2024
J2270,Morphine sulfate injection,10 MG,3.242,20,,,,,,
J2272,"Inj, morphine (fresenius)",10 MG,4.553,20,,,,,,
J2274,Inj morphine pf epid ithc,10 MG,10.482,20,,,,,,
J2277,"Inj, motixafortide, 0.25 mg",1 MG,25.218,20,,,,,,Added July 2024
J2278,Ziconotide injection,1 MCG,9.776,20,,,,,,
J2280,"Inj, moxifloxacin 100 mg",100 MG,8.783,20,,,,,,
J2281,Inj moxifloxacin (fres kabi),100 MG,7.563,20,,,,,,
J2300,Inj nalbuphine hydrochloride,10 MG,3.232,20,,,,,,
J2305,"Inj, nitroglycerin, 5 mg",5 MG,1.341,20,,,,,,
J2310,Inj naloxone hydrochloride,1 MG,9.336,20,,,,,,
J2311,"Inj, naloxone hcl (zimhi)",1 MG,7.711,20,,,,,,
J2315,"Naltrexone, depot form",1 MG,4.096,19.781,,,,,,Inflation-adjusted coinsurance
J2323,Natalizumab injection,1 MG,24.073,20,,,,,,
J2327,Inj risankizumab-rzaa 1 mg,1 MG,14.986,20,,,,,,
J2329,"Inj ublituximab-xiiy, 1 mg",1 MG,70.051,19.47,,,,,,Inflation-adjusted coinsurance
J2350,"Injection, ocrelizumab, 1 mg",1 MG,60.251,20,,,,,,
J2353,"Octreotide injection, depot",1 MG,215.483,20,,,,,,
J2354,"Octreotide inj, non-depot",25 MCG,0.903,20,,,,,,
J2356,"Inj tezepelumab-ekko, 1mg",1 MG,18.239,20,,,,,,"""lesser of"" methodology applied"
J2357,Omalizumab injection,5 MG,38.326,20,,,,,,"""lesser of"" methodology applied"
J2358,Olanzapine long-acting inj,1 MG,2.917,20,,,,,,
J2359,"Inj. olanzapine, 0.5mg",0.5 MG,0.984,20,,,,,,
J2360,Orphenadrine injection,60 MG,9.093,20,,,,,,
J2372,"Inj, biorphen, 20 micrograms",20 MCG,0.17,20,,,,,,
J2373,"Inj, immphentiv, 20 mcg",20 MCG,0.212,20,,,,,,Added July 2024
J2401,Chloroprocaine hcl injection,1 MG,0.03,20,,,,,,
J2403,"Chloroprocaine opht gel, 1mg",1 MG,0.671,20,,,,,,
J2405,Ondansetron hcl injection,1 MG,0.092,20,,,,,,
J2406,"Injection, oritavancin 10 mg",10 MG,41.934,20,,,,,,
J2407,"Injection, oritavancin",10 MG,28.122,19.944,,,,,,Inflation-adjusted coinsurance
J2426,"Inj, invega sustenna, 1 mg",1 MG,14.662,20,,,,,,
J2427,"Inj, invega hafyera/trinza",1MG,12.532,20,,,,,,Inflation-adjusted coinsurance
J2430,Pamidronate disodium /30 mg,30 MG,11.667,20,,,,,,
J2469,Palonosetron hcl,25 MCG,0.977,20,,,,,,
J2501,Paricalcitol,1 MCG,0.983,20,,,,,,AMP-based payment limit
J2506,Inj pegfilgrast ex bio 0.5mg,0.5 MG,55.126,20,,,,,,
J2507,Pegloticase injection,1 MG,3447.057,19.841,,,,,,Inflation-adjusted coinsurance
J2540,Penicillin g potassium inj,600000 UNITS,0.93,20,,,,,,
J2543,Piperacillin/tazobactam,1.125 GM,1.18,20,,,,,,
J2545,Pentamidine non-comp unit,300 MG,85.814,20,,,,,,
J2550,Promethazine hcl injection,50 MG,3.572,20,,,,,,
J2560,Phenobarbital sodium inj,120 MG,32.772,20,,,,,,
J2562,Plerixafor injection,1 MG,127.413,20,,,,,,
J2597,Inj desmopressin acetate,1 MCG,5.563,20,,,,,,
J2598,"Inj, vasopressin, 1 unit",1 UNIT,1.926,20,,,,,,
J2599,Inj vasopressin (am reg) 1 u,1 UNIT,1.571,20,,,,,,
J2675,Inj progesterone per 50 mg,50 MG,0.725,20,,,,,,
J2679,Inj fluphenazine hcl 1.25 mg,1.25 MG,7.308,20,,,,,,
J2680,Fluphenazine decanoate 25 mg,25 MG,8.924,20,,,,,,
J2690,Procainamide hcl injection,1 GM,412.739,20,,,,,,
J2700,Oxacillin sodium injeciton,250 MG,0.939,20,,,,,,
J2704,"Inj, propofol, 10 mg",10 MG,0.089,20,,,,,,
J2720,Inj protamine sulfate/10 mg,10 MG,0.89,20,,,,,,
J2724,Protein c concentrate,10 UNITS,15.012,20,,,,,,
J2760,Phentolaine mesylate inj,5 MG,399.334,20,,,,,,
J2765,Metoclopramide hcl injection,10 MG,0.925,20,,,,,,
J2777,"Inj, faricimab-svoa, 0.1mg",0.1 MG,34.824,20,,,,,,
J2778,Ranibizumab injection,0.1 mg,137.626,20,,,,,,
J2779,"Inj, susvimo 0.1 mg",0.1 MG,80.489,20,,,,,,
J2781,"Inj, pegcetacoplan, 1mg",1 MG,149.07,20,,,,,,
J2782,Inj avacincapted pegol 0.1mg,0.1 MG,110.459,20,,,,,,
J2783,Rasburicase,0.5 MG,370.902,20,,,,,,
J2785,Regadenoson injection,0.1 MG,3.391,20,,,,,,
J2786,"Injection, reslizumab, 1mg",1 MG,10.086,20,,,,,,
J2788,Rho d immune globulin 50 mcg,50 MCG (250 IU),25.878,20,,,,,,
J2790,Rho d immune globulin inj,300 MCG (1500 IU),77.316,20,,,,,,
J2791,Rhophylac injection,100 IU,4.761,20,,,,,,
J2792,"Rho(d) immune globulin h, sd",100 IU,33.723,20,,,,,,
J2794,"Inj risperdal consta, 0.5 mg",0.5 MG,12.164,20,,,,,,
J2795,Ropivacaine hcl injection,1 MG,0.069,20,,,,,,
J2796,Romiplostim injection,10 MCG,100.814,19.249,,,,,,Inflation-adjusted coinsurance
J2798,"Inj., perseris, 0.5 mg",0.5 mg,12.211,20,,,,,,
J2799,"Inj, uzedy, 1 mg",1 MG,25.08,20,,,,,,
J2800,Methocarbamol injection,10 ML,8.099,20,,,,,,
J2805,Sincalide injection,5 MCG,142.52,19.506,,,,,,Inflation-adjusted coinsurance
J2820,Sargramostim injection,50 MCG,59.995,19.461,,,,,,Inflation-adjusted coinsurance
J2860,"Injection, siltuximab",10 MG,153.155,18.772,,,,,,Inflation-adjusted coinsurance
J2916,Na ferric gluconate complex,12.5 MG,2.137,20,,,,,,
J2919,"Inj, methylpred sod succ 5mg",5 MG,0.295,20,,,,,,
J2997,Alteplase recombinant,1 MG,91.341,20,,,,,,
J3000,Streptomycin injection,1 GM,31.975,20,,,,,,
J3010,Fentanyl citrate injection,0.1 MG,0.838,20,,,,,,
J3032,Inj. eptinezumab-jjmr 1 mg,1 MG,18.656,19.722,,,,,,Inflation-adjusted coinsurance
J3055,Inj talquetamab-tgvs 0.25 mg,0.25 MG,67.612,20,,,,,,
J3060,"Inj, taliglucerase alfa 10 u",10 UNITS,44.57,20,,,,,,
J3090,Inj tedizolid phosphate,1 MG,1.809,20,,,,,,
J3095,Telavancin injection,10 MG,7.06,20,,,,,,
J3101,Tenecteplase injection,1 MG,157.468,20,,,,,,
J3105,Terbutaline sulfate inj,1 MG,3.663,20,,,,,,
J3111,Inj. romosozumab-aqqg 1 mg,1 MG,11.155,19.672,,,,,,Inflation-adjusted coinsurance
J3121,Inj testostero enanthate 1mg,1 MG,0.047,20,,,,,,
J3145,Testosterone undecanoate 1mg,1 MG,1.889,19.561,,,,,,Inflation-adjusted coinsurance
J3230,Chlorpromazine hcl injection,50 MG,30.094,20,,,,,,
J3240,Thyrotropin injection,0.9 MG,2065.839,20,,,,,,
J3241,Inj. teprotumumab-trbw 10 mg,10 MG,336.14,20,,,,,,
J3243,Tigecycline injection,1 MG,0.583,20,,,,,,
J3245,"Inj., tildrakizumab, 1 mg",1 MG,133.551,20,,,,,,
J3246,Tirofiban hcl,0.25 MG,3.963,20,,,,,,
J3247,Inj secukinumab intrav 1mg,1 MG,17.564,20,,,,,,Added July 2024
J3250,Trimethobenzamide hcl inj,200 MG,48.359,19.85,,,,,,Inflation-adjusted coinsurance
J3260,Tobramycin sulfate injection,80 MG,2.388,20,,,,,,
J3262,Tocilizumab injection,1 MG,5.95,20,,,,,,
J3263,"Inj, toripalimab-tpzi, 1 mg",1 MG,39.272,20,,,,,,Added July 2024
J3285,Treprostinil injection,1 MG,55.484,20,,,,,,
J3299,Inj xipere 1 mg,1 MG,48.583,20,,,,,,
J3301,Triamcinolone acet inj nos,10 MG,1.029,20,,,,,,
J3304,Inj triamcinolone ace xr 1mg,1 MG,17.826,20,,,,,,
J3315,Triptorelin pamoate,3.75 MG,458.511,20,,,,,,
J3357,"Ustekinumab sub cu inj, 1 mg",1 MG,158.158,20,,,,,,
J3358,"Ustekinumab, iv inject, 1 mg",1 MG,12.878,20,,,,,,
J3360,Diazepam injection,5 MG,5.449,20,,,,,,
J3370,Vancomycin hcl injection,500 MG,1.995,20,,,,,,
J3371,"Inj, vancomycin hcl (mylan)",500 MG,5.938,20,,,,,,
J3372,"Inj, vancomycin hcl (xellia)",500 MG,6.481,20,,,,,,
J3380,"Injection, vedolizumab",1 MG,22.877,20,,,,,,
J3385,Velaglucerase alfa,100 UNITS,369.483,20,,,,,,
J3396,Verteporfin injection,0.1 MG,11.52,20,,,,,,
J3401,"Vyjuvek 5x10^9pfu/ml, 0.1 ml",0.1 ML,996.939,20,,,,,,
J3410,Hydroxyzine hcl injection,25 MG,14.503,20,,,,,,
J3411,Thiamine hcl 100 mg,100 MG,1.941,20,,,,,,
J3415,Pyridoxine hcl 100 mg,100 MG,10.09,20,,,,,,
J3420,Vitamin b12 injection,1000 MCG,1.113,20,,,,,,
J3430,Vitamin k phytonadione inj,1 MG,2.854,20,,,,,,
J3465,"Injection, voriconazole",10 MG,0.696,20,,,,,,
J3473,Hyaluronidase recombinant,1 USP UNIT,0.363,20,,,,,,
J3475,Inj magnesium sulfate,500 MG,0.503,20,,,,,,
J3480,Inj potassium chloride,2 MEQ,0.11,20,,,,,,
J3485,Zidovudine,10 MG,1.511,20,,,,,,
J3486,Ziprasidone mesylate,10 MG,8.082,20,,,,,,
J3489,Zoledronic acid 1mg,1 MG,5.726,20,,,,,,
J7030,Normal saline solution infus,1000 ML,2.69,20,,,,,,
J7040,Normal saline solution infus,500 ML,1.345,20,,,,,,
J7042,5% dextrose/normal saline,500 ML,1.159,20,,,,,,
J7050,Normal saline solution infus,250 ML,0.672,20,,,,,,
J7060,5% dextrose/water,500 ML,1.679,20,,,,,,
J7070,D5w infusion,1000 CC,3.359,20,,,,,,
J7120,Ringers lactate infusion,1000 CC,2.454,20,,,,,,
J7170,"Inj., emicizumab-kxwh 0.5 mg",0.5 MG,52.569,20,,,,,1,
J7171,"Inj, adzynma, 10 iu",10 UNITS,34.679,20,,,,,,Added July 2024
J7175,"Inj, factor x, (human), 1iu",1 IU,9.112,20,,,,,1,
J7177,"Inj., fibryga, 1 mg",1 MG,1.1,20,,,,,1,
J7178,Inj human fibrinogen con nos,1 IU,1.444,20,,,,,1,
J7179,Vonvendi inj 1 iu vwf:rco,1 IU,1.827,20,,,,,1,
J7180,Factor xiii anti-hem factor,1 IU,10.154,20,,,,,1,
J7181,Factor xiii recomb a-subunit,1 IU,17.626,20,,,,,1,
J7182,Factor viii recomb novoeight,1 IU,1.376,20,,,,,1,
J7183,Wilate injection,1 I.U. VWF:RCO,1.273,20,,,,,1,
J7185,Xyntha inj,1 IU,1.419,20,,,,,1,
J7186,Antihemophilic viii/vwf comp,PER FACTOR VIII IU,1.19,20,,,,,1,
J7187,"Humate-p, inj",1 IU,1.396,20,,,,,1,
J7188,Factor viii recomb obizur,1 IU,3.221,20,,,,,1,
J7189,Factor viia recomb novoseven,1 MCG,2.537,20,,,,,1,
J7190,Factor viii,1 IU,1.083,20,,,,,1,
J7192,Factor viii recombinant nos,1 IU,1.551,20,,,,,1,
J7193,Factor ix non-recombinant,1 IU,1.393,20,,,,,1,
J7194,Factor ix complex,1 IU,1.65,20,,,,,1,
J7195,Factor ix recombinant nos,1 IU,1.839,20,,,,,1,
J7197,Antithrombin iii injection,1 IU,3.889,20,,,,,,
J7198,Anti-inhibitor,1 IU,2.359,20,,,,,1,
J7200,Factor ix recombinan rixubis,1 IU,1.618,20,,,,,1,
J7201,Factor ix alprolix recomb,1 IU,3.567,20,,,,,1,
J7202,Factor ix idelvion inj,1 IU,5.06,20,,,,,1,
J7203,Factor ix recomb gly rebinyn,1 IU,4.506,20,,,,,1,
J7204,Inj recombin esperoct per iu,1 IU,2.168,20,,,,,1,
J7205,Factor viii fc fusion recomb,1 IU,2.298,20,,,,,1,
J7207,Factor viii pegylated recomb,1 IU,2.034,20,,,,,1,
J7208,Inj. jivi 1 iu,1 IU,2.435,20,,,,,1,
J7209,Factor viii nuwiq recomb 1iu,1 IU,1.219,20,,,,,1,
J7210,"Inj, afstyla, 1 i.u.",1 IU,1.458,20,,,,,1,
J7211,"Inj, kovaltry, 1 i.u.",1 IU,1.465,20,,,,,1,
J7212,Factor viia recomb sevenfact,1 MCG,2.271,20,,,,,1,
J7213,"Inj, ixinity, 1 i.u.",1 IU,1.722,20,,,,,1,
J7214,Altuviiio per factor viii iu,1 IU,4.702,20,,,,,1,
J7308,Aminolevulinic acid hcl top,354 MG,395.235,20,,,,,,
J7312,Dexamethasone intra implant,0.1 MG,205.557,20,,,,,,
J7313,"Inj., iluvien, 0.01 mg",0.01 MG,488.703,20,,,,,,
J7314,"Inj., yutiq, 0.01 mg",0.01 MG,527.134,20,,,,,,
J7318,"Inj, durolane 1 mg",1 MG,6.663,20,,,,,,
J7320,"Genvisc 850, inj, 1mg",1 MG,5.125,20,,,,,,
J7321,Hyalgan supartz visco-3 dose,per dose,75.484,20,,,,,,
J7322,Hymovis injection 1 mg,1 MG,17.559,20,,,,,,
J7323,Euflexxa inj per dose,per dose,121.979,20,,,,,,
J7324,Orthovisc inj per dose,PER DOSE,119.797,20,,,,,,
J7325,Synvisc or synvisc-one,1 MG,8.817,20,,,,,,
J7326,Gel-one,per dose,520.994,20,,,,,,
J7327,Monovisc inj per dose,PER DOSE,651.845,20,,,,,,
J7328,Gelsyn-3 injection 0.1 mg,0.1 MG,0.556,20,,,,,,
J7329,"Inj, trivisc 1 mg",1 MG,7.09,20,,,,,,
J7331,"Synojoynt, inj., 1 mg",1 MG,10.289,20,,,,,,
J7332,"Inj., triluron, 1 mg",1 MG,10.186,20,,,,,,
J7336,Capsaicin 8% patch,1 SQ CM,3.325,20,,,,,,
J7340,Carbidopa levodopa ent 100ml,100 ML,234.902,20,,,,,,
J7345,"Aminolevulinic acid, 10% gel",10 MG,1.742,20,,,,,,
J7351,Inj bimatoprost itc imp1mcg,1 MCG,208.381,20,,,,,,
J7354,"Cantharidin top, applicator",Per 3.2 mg single-use applicator,719.584,20,,,,,,Added July 2024
J7402,Mometasone sinus sinuva,10 MCG,11.345,20,,,,,,
J7500,Azathioprine oral 50mg,50 MG,1.833,20,,,,,,
J7502,Cyclosporine oral 100 mg,100 MG,2.191,20,,,,,,
J7503,Tacrol envarsus ex rel oral,0.25 MG,1.767,19.604,,,,,,Inflation-adjusted coinsurance
J7504,Lymphocyte immune globulin,250 MG,3982.594,13.987,,,,,,Inflation-adjusted coinsurance
J7507,Tacrolimus imme rel oral 1mg,1 MG,0.235,20,,,,,,
J7508,Tacrol astagraf ex rel oral,0.1 MG,0.563,20,,,,,,
J7509,Methylprednisolone oral,4 MG,0.242,20,,,,,,
J7510,Prednisolone oral per 5 mg,5 MG,0.239,20,,,,,,
J7511,Antithymocyte globuln rabbit,25 MG,956.012,20,,,,,,
J7512,Prednisone ir or dr oral 1mg,1 MG,0.008,20,,,,,,
J7515,Cyclosporine oral 25 mg,25 MG,0.795,20,,,,,,
J7517,Mycophenolate mofetil oral,250 MG,0.163,20,,,,,,
J7518,Mycophenolic acid,180 MG,0.374,20,,,,,,
J7519,Inj. mycophenolate mofetil,10 MG,0.544,20,,,,,,
J7520,"Sirolimus, oral",1 MG,1.335,20,,,,,,
J7525,Tacrolimus injection,5 MG,253.607,20,,,,,,
J7527,Oral everolimus,0.25 MG,2.202,20,,,,,,
J7605,Arformoterol non-comp unit,15 mcg,1.463,20,,,,,,
J7606,"Formoterol fumarate, inh",20 MCG,3.145,20,,,,,,
J7608,Acetylcysteine non-comp unit,1 GM,9.109,20,,,,,,
J7611,Albuterol non-comp con,1 MG,0.168,20,,,,,,
J7612,Levalbuterol non-comp con,0.5 MG,0.271,20,,,,,,
J7613,Albuterol non-comp unit,1 MG,0.047,20,,,,,,
J7614,Levalbuterol non-comp unit,0.5 MG,0.053,20,,,,,,
J7620,Albuterol ipratrop non-comp,2.5 MG/0.5 MG,0.189,20,,,,,,
J7626,Budesonide non-comp unit,0.5 MG,1.188,20,,,,,,
J7631,Cromolyn sodium noncomp unit,10 MG,0.509,20,,,,,,
J7639,Dornase alfa non-comp unit,1 MG,53.436,20,,,,,,
J7644,Ipratropium bromide non-comp,1 MG,0.375,20,,,,,,
J7674,"Methacholine chloride, neb",1 MG,1.488,20,,,,,,
J7677,Revefenacin inh non-com 1mcg,1 MCG,0.182,20,,,,,,
J7682,Tobramycin non-comp unit,300 MG,17.037,20,,,,,,
J7686,"Treprostinil, non-comp unit", 1.74 MG,759.868,20,,,,,,
J8501,Oral aprepitant,5 MG,3.4,20,,,,,,
J8520,"Capecitabine, oral, 150 mg",150 MG,0.308,20,,,,,,
J8521,"Capecitabine, oral, 500 mg",500 MG,0.642,20,,,,,,
J8530,Cyclophosphamide oral 25 mg,25 MG,0.962,20,,,,,,
J8540,Oral dexamethasone,0.25 MG,0.068,20,,,,,,
J8560,Etoposide oral 50 mg,50 MG,75.758,20,,,,,,
J8610,Methotrexate oral 2.5 mg,2.5 MG,0.239,20,,,,,,
J8655,"Oral netupitant, palonosetro",0.5 MG,393.862,18.944,,,,,,Inflation-adjusted coinsurance
J8670,"Rolapitant, oral, 1mg",1 MG,1.763,20,,,,,,
J8700,Temozolomide,5 MG,0.233,20,,,,,,
J8705,Topotecan oral,0.25 mg,114.308,20,,,,,,
J9000,Doxorubicin hcl injection,10 MG,3.262,20,,,,,,
J9017,Arsenic trioxide injection,1 MG,10.687,20,,,,,,
J9021,"Inj, aspara, rylaze, 0.1 mg",0.1 MG,52.596,19.731,,,,,,Inflation-adjusted coinsurance
J9022,"Inj, atezolizumab,10 mg",10 MG,85.777,20,,,,,,
J9023,"Injection, avelumab, 10 mg",10 MG,94.727,20,,,,,,
J9025,Azacitidine injection,1 MG,0.435,20,,,,,,
J9027,Clofarabine injection,1 MG,9.185,20,,,,,,
J9029,"Inj, adstiladrin, per tx dos",PER THERAPEUTIC DOSE,63499.333,20,,,,,,
J9030,Bcg live intravesical 1mg,1 MG,2.872,20,,,,,,
J9032,"Injection, belinostat, 10mg",10 MG,49.956,19.933,,,,,,Inflation-adjusted coinsurance
J9033,"Inj., treanda 1 mg",1 MG,5.364,20,,,,,,
J9034,"Inj., bendeka 1 mg",1 MG,13.614,20,,,,,,
J9035,Bevacizumab injection,10 MG,72.462,20,,,,,,
J9036,Inj. belrapzo/bendamustine,1 MG,3.587,20,,,,,,
J9039,"Injection, blinatumomab",1 MCG,151.956,18.975,,,,,,Inflation-adjusted coinsurance
J9040,Bleomycin sulfate injection,15 UNITS,25.137,20,,,,,,
J9041,"Injection, bortezomib, 0.1mg",0.1 MG,1.733,20,,,,,,
J9042,Brentuximab vedotin inj,1 MG,239.602,18.617,,,,,,Inflation-adjusted coinsurance
J9043,Cabazitaxel injection,1 MG,215.501,20,,,,,,
J9045,Carboplatin injection,50 MG,3.691,20,,,,,,
J9047,"Injection, carfilzomib, 1 mg",1 MG,49.629,19.235,,,,,,Inflation-adjusted coinsurance
J9049,"Inj, bortezomib, hospira",0.1 MG,1.917,20,,,,,,
J9050,Carmustine injection,100 MG,378.182,20,,,,,,
J9055,Cetuximab injection,10 MG,75.633,20,,,,,,
J9058,Inj apotex/bendamustine 1 mg,1 MG,18.819,20,,,,,,
J9059,"Inj bendamustine, baxter 1mg",1 MG,18.819,20,,,,,,
J9060,Cisplatin 10 mg injection,10 MG,3.747,20,,,,,,
J9061,"Inj, amivantamab-vmjw",2 MG,20.569,19.668,,,,,,Inflation-adjusted coinsurance
J9063,"Inj, elahere, 1 mg",1 MG,66.865,20,,,,,,
J9065,Inj cladribine per 1 mg,1 MG,13.275,20,,,,,,
J9071,Inj cyclophosphamd auromedic,5 MG,1.254,20,,,,,,
J9073,Inj cyclophosphamd (ingenus),5 MG,0.789,20,,,,,,
J9075,"Inj, cyclophosphamide, nos",5 MG,1.106,20,,,,,,
J9100,Cytarabine hcl 100 mg inj,100 MG,0.764,20,,,,,,
J9118,Inj. calaspargase pegol-mknl,10 UNIT,76.389,20,,,,,,
J9119,"Inj., cemiplimab-rwlc, 1 mg",1 MG,27.697,20,,,,,,
J9120,Dactinomycin injection,0.5 MG,397.513,20,,,,,,
J9130,Dacarbazine 100 mg inj,100 MG,3.598,20,,,,,,
J9144,"Daratumumab, hyaluronidase",10 MG,50.996,20,,,,,,
J9145,"Injection, daratumumab 10 mg",10 MG,64.377,20,,,,,,
J9150,Daunorubicin injection,10 MG,26.663,20,,,,,,
J9153,"Inj daunorubicin, cytarabine",1 MG/2.27 MG,241.609,19.794,,,,,,Inflation-adjusted coinsurance
J9155,Degarelix injection,1 MG,4.269,20,,,,,,
J9171,Docetaxel injection,1 MG,0.864,20,,,,,,
J9173,"Inj., durvalumab, 10 mg",10 MG,81.874,20,,,,,,
J9176,"Injection, elotuzumab, 1mg",1 MG,7.571,20,,,,,,
J9177,Inj enfort vedo-ejfv 0.25mg,0.25 MG,36.117,18.975,,,,,,Inflation-adjusted coinsurance
J9178,"Inj, epirubicin hcl, 2 mg",2 MG,1.491,20,,,,,,
J9179,Eribulin mesylate injection,0.1 MG,141.293,20,,,,,,
J9181,Etoposide injection,10 MG,1.131,20,,,,,,
J9185,Fludarabine phosphate inj,50 MG,229.304,20,,,,,,
J9190,Fluorouracil injection,500 MG,3.219,20,,,,,,
J9196,Inj gemcitabine hcl (accord),200 MG,7.782,12.045,,,,,,Inflation-adjusted coinsurance
J9200,Floxuridine injection,500 MG,3857.121,20,,,,,,
J9201,In gemcitabine hcl nos 200mg,200 MG,3.296,20,,,,,,
J9202,Goserelin acetate implant,3.6 MG,659.534,19.008,,,,,,Inflation-adjusted coinsurance
J9203,Gemtuzumab ozogamicin 0.1 mg,0.1 MG,229.674,20,,,,,,
J9204,"Inj mogamulizumab-kpkc, 1 mg",1 MG,238.528,20,,,,,,
J9205,Inj irinotecan liposome 1 mg,1 MG,63.375,20,,,,,,
J9206,Irinotecan injection,20 MG,2.712,20,,,,,,
J9207,Ixabepilone injection,1 MG,133.164,19.848,,,,,,Inflation-adjusted coinsurance
J9208,Ifosfamide injection,1 GM,25.715,20,,,,,,
J9209,Mesna injection,200 MG,1.782,20,,,,,,
J9210,"Inj., emapalumab-lzsg, 1 mg",1 MG,366.67,20,,,,,,
J9211,Idarubicin hcl injection,5 MG,45.321,20,,,,,,
J9217,Leuprolide acetate suspnsion,7.5 MG,180.54,20,,,,,,
J9218,Leuprolide acetate injeciton,1 MG,4.654,20,,,,,,
J9223,"Inj. lurbinectedin, 0.1 mg",0.1 MG,202.758,20,,,,,,
J9226,Supprelin la implant,50 MG,44158.253,20,,,,,,
J9227,Inj. isatuximab-irfc 10 mg,10 MG,77.992,20,,,,,,
J9228,Ipilimumab injection,1 MG,176.784,20,,,,,,
J9229,Inj inotuzumab ozogam 0.1 mg,0.1 MG,2618.847,20,,,,,,
J9245,Inj melpha hydroch nos 50 mg,50 MG,155.331,20,,,,,,
J9246,"Inj., evomela, 1 mg",1 MG,15.063,20,,,,,,
J9259,Paclitaxel (american regent),1 MG,15.398,20,,,,,,
J9260,Methotrexate sodium inj,50 MG,2.581,20,,,,,,
J9261,Nelarabine injection,50 MG,73.32,20,,,,,,
J9263,Oxaliplatin,0.5 MG,0.079,20,,,,,,
J9264,Paclitaxel protein bound,1 MG,13.24,20,,,,,,
J9266,Pegaspargase injection,1 EA,27014.856,19.658,,,,,,Inflation-adjusted coinsurance
J9267,Paclitaxel injection,1 MG,0.094,20,,,,,,
J9268,Pentostatin injection,10 MG,2537.067,18.32,,,,,,Inflation-adjusted coinsurance
J9269,Inj. tagraxofusp-erzs 10 mcg,10 MCG,326.529,20,,,,,,
J9271,Inj pembrolizumab,1 MG,56.658,20,,,,,,
J9272,"Inj, dostarlimab-gxly, 10 mg",10 MG,236.465,20,,,,,,
J9273,"Inj tisotu vedotin-tftv, 1mg",1 MG,174.947,19.88,,,,,,Inflation-adjusted coinsurance
J9274,"Inj, tebentafusp-tebn, 1 mcg",1 MCG,214.56,19.774,,,,,,Inflation-adjusted coinsurance
J9280,Mitomycin injection,5 MG,54.164,20,,,,,,
J9281,Mitomycin instillation,1 MG,306.659,20,,,,,,
J9286,"Inj glofitamab gxbm, 2.5 mg",2.5 MG,2706.61,20,,,,,,
J9293,Mitoxantrone hydrochl / 5 mg,5 MG,55.108,20,,,,,,
J9294,"Inj pemetrexed, hospira 10mg",10 MG,1.97,20,,,,,,
J9295,"Injection, necitumumab, 1 mg",1 MG,5.737,20,,,,,,
J9297,Inj pemetrexed (sandoz) 10mg,10 MG,1.121,20,,,,,,
J9298,Inj nivol relatlimab 3mg/1mg,3 mg/1 mg,190.495,20,,,,,,
J9299,"Injection, nivolumab",1 MG,31.596,20,,,,,,
J9301,Obinutuzumab inj,10 MG,74.15,20,,,,,,
J9303,Panitumumab injection,10 MG,158.686,19.108,,,,,,Inflation-adjusted coinsurance
J9304,"Inj. pemetrexed, 10 mg",10 MG,52.952,20,,,,,,
J9305,Inj. pemetrexed nos 10mg,10 MG,5.615,20,,,,,,
J9306,"Injection, pertuzumab, 1 mg",1 MG,15.945,20,,,,,,
J9307,Pralatrexate injection,1 MG,299.132,20,,,,,,
J9308,"Injection, ramucirumab",5 MG,71.261,20,,,,,,
J9309,"Inj, polatuzumab vedotin 1mg",1 MG,129.957,20,,,,,,
J9311,"Inj rituximab, hyaluronidase",10 mg,36.527,20,,,,,,
J9312,"Inj., rituximab, 10 mg",10 MG,77.675,20,,,,,,
J9314,Inj pemetrexed (teva) 10mg,10 MG,10.995,20,,,,,,
J9316,"Pertuzu, trastuzu, 10 mg",10 MG,66.319,20,,,,,,
J9317,Sacituzumab govitecan-hziy,2.5 MG,34.926,20,,,,,,
J9319,Inj romidepsin lyophil 0.1mg,0.1 MG,29.774,20,,,,,,
J9321,Inj epcoritamab-bysp 0.16 mg,0.16 MG,54.444,20,,,,,,
J9323,Inj pemetrexed ditromethamin,10 MG,4.694,20,,,,,,AMP-based payment limit
J9325,Inj talimogene laherparepvec,1 million�PFU,69.959,19.049,,,,,,Inflation-adjusted coinsurance
J9328,Temozolomide injection,1 MG,10.398,20,,,,,,
J9330,Temsirolimus injection,1 MG,30.75,20,,,,,,
J9331,Inj sirolimus prot part 1 mg,1 MG,113.743,19.603,,,,,,Inflation-adjusted coinsurance
J9332,Inj efgartigimod 2mg,2 MG,32.124,20,,,,,,
J9333,Inj ronzanolixizum-noli 1 mg,1 MG,22.825,20,,,,,,
J9334,Inj efgart-alfa 2mg hya-qvfc,2 MG,33.13,20,,,,,,
J9340,Thiotepa injection,15 MG,227.255,20,,,,,,
J9345,"Inj, retifanlimab-dlwr, 1 mg",1 MG,29.361,20,,,,,,
J9347,"Inj, tremelimumab-actl, 1 mg",1 MG,135.563,20,,,,,,
J9348,"Inj. naxitamab-gqgk, 1 mg",1 MG,609.168,20,,,,,,
J9349,"Inj., tafasitamab-cxix",2 MG,13.775,20,,,,,,
J9350,"Inj mosunetuzumab-axgb, 1 mg",1 MG,637.193,20,,,,,,
J9351,Topotecan injection,0.1 MG,0.938,20,,,,,,
J9352,Injection trabectedin 0.1mg,0.1 MG,355.364,20,,,,,,
J9353,"Inj. margetuximab-cmkb, 5 mg",5 MG,48.14,20,,,,,,
J9354,"Inj, ado-trastuzumab emt 1mg",1 MG,40.042,20,,,,,,
J9355,Inj trastuzumab excl biosimi,10 MG,78.082,20,,,,,,
J9356,"Inj. herceptin hylecta, 10mg",10 MG,64.612,20,,,,,,
J9357,Valrubicin injection,200 MG,1453.797,20,,,,,,
J9358,Inj fam-trastu deru-nxki 1mg,1 MG,27.752,20,,,,,,
J9359,Inj lon tesirin-lpyl 0.075mg,0.075 MG,206.414,20,,,,,,
J9360,Vinblastine sulfate inj,1 MG,3.88,20,,,,,,
J9370,Vincristine sulfate 1 mg inj,1 MG,8.491,20,,,,,,
J9380,Inj teclistamab cqyv 0.5 mg,0.5 MG,31.75,20,,,,,,
J9381,Inj teplizumab mzwv 5 mcg,5 MCG,36.945,20,,,,,,
J9390,Vinorelbine tartrate inj,10 MG,8.198,20,,,,,,
J9394,"Inj, fulvestrant (fresenius)",25 MG,12.257,20,,,,,,
J9395,"Injection, fulvestrant",25 MG,8.726,20,,,,,,
J9400,"Inj, ziv-aflibercept, 1mg",1 MG,7.091,20,,,,,,
P9041,"Albumin (human),5%, 50ml",50 ML,10.615,20,,,95,10.615,,
P9045,"Albumin (human), 5%, 250 ml",250 ML,53.077,20,,,95,53.077,,
P9046,"Albumin (human), 25%, 20 ml",20 ML,21.231,20,,,95,21.231,,
P9047,"Albumin (human), 25%, 50ml",50 ML,53.077,20,,,95,53.077,,
Q0138,"Ferumoxytol, non-esrd",1 MG,0.331,20,,,,,,
Q0139,"Ferumoxytol, esrd use",1 MG,0.331,20,,,,,,
Q0162,Ondansetron oral,1 MG,0.014,20,,,,,,
Q0167,Dronabinol 2.5mg oral,2.5 MG,2.688,20,,,,,,
Q0249,Tocilizumab for COVID-19,1 MG,6.572,0,95,6.572,,,,
Q2041,Axicabtagene ciloleucel car+,UP TO 200 MILLION CAR T CELLS,489136.91,19.061,,,,,,Inflation-adjusted coinsurance
Q2042,Tisagenlecleucel car-pos t,up to 600 million CAR-positive viable T cells,523452.561,19.164,,,,,,Inflation-adjusted coinsurance
Q2043,Sipuleucel-t auto cd54+,Per infusion (minimum 50 million cells),55512.784,20,,,,,,
Q2050,Doxorubicin inj 10mg,10 MG,136.226,20,,,,,,
Q2053,Brexucabtagene car pos t,UP TO 200 MILLION AUTOLOGOUS ANTI-CD19 CAR POSITIVE VIABLE T CELLS,449440,20,,,,,,
Q2054,Lisocabtagene mara car pos t,"Up to 110 million CAR-positive viable T cells, per therapeutic dose",496390.205,19.796,,,,,,Inflation-adjusted coinsurance
Q2055,Idecabtagene vicleucel car,UP TO 510 MILLION AUTOLOGOUS ANTI-BCMA CAR-POSITIVE VIABLE T CELLS,503454.525,19.956,,,,,,Inflation-adjusted coinsurance
Q2056,Ciltacabtagene car-pos t,up to 100 million autologous b-cell maturation antigen (bcma) directed car-positive t cells,507687,20,,,,,,
Q3027,Inj beta interferon im 1 mcg,1 MCG,57.119,20,,,,,,
Q4074,Iloprost non-comp unit dose,UP TO 20 MCG,147.166,20,,,,,,
Q4081,"Epoetin alfa, 100 units esrd",100 UNITS,0.813,20,,,,,,
Q4101,Apligraf,1 SQ CM,30.633,20,,,,,,
Q4102,Oasis wound matrix,1 SQ CM,11.791,20,,,,,,
Q4103,Oasis burn matrix,1 SQ CM,12.363,20,,,,,,
Q4104,Integra bmwd,1 SQ CM,49.526,20,,,,,,
Q4105,Integra drt or omnigraft,1 SQ CM,25.17,20,,,,,,
Q4108,Integra matrix,1 SQ CM,51.924,20,,,,,,
Q4110,Primatrix,1 SQ CM,44.157,20,,,,,,Added July 2024
Q4111,Gammagraft,1 SQ CM,7.142,20,,,,,,
Q4114,Integra flowable wound matri,1 CC,1549.363,20,,,,,,
Q4115,Alloskin,1 SQ CM,15.544,20,,,,,,Added July 2024
Q4118,Matristem micromatrix,1 MG,2.558,20,,,,,,
Q4121,Theraskin,1 SQ CM,46.292,20,,,,,,
Q4124,Oasis tri-layer wound matrix,1 SQ CM,7.835,20,,,,,,
Q4126,Memoderm/derma/tranz/integup,1 SQ CM,80.922,20,,,,,,
Q4127,Talymed,1 SQ CM,67.324,20,,,,,,Added July 2024
Q4128,Flexhd/allopatchhd/sq cm,1 SQ CM,30.873,20,,,,,,
Q4132,"Grafix core, grafixpl core",1 SQ CM,97.318,20,,,,,,
Q4133,Grafix stravix prime pl sqcm,1 SQ CM,141.66,20,,,,,,
Q4137,Amnioexcel biodexcel 1sq cm,1 SQ CM,104.668,20,,,,,,
Q4141,"Alloskin ac, 1 cm",1 SQ CM,42.738,20,,,,,,
Q4143,"Repriza, 1cm",1 SQ CM,33.92,20,,,,,,
Q4147,Architect ecm px fx 1 sq cm,1 SQ CM,147.222,20,,,,,,
Q4148,Neox neox rt or clarix cord,1 SQ CM,129.933,20,,,,,,Added July 2024
Q4150,Allowrap ds or dry 1 sq cm,1 SQ CM,79.003,20,,,,,,
Q4151,"Amnioband, guardian 1 sq cm",1 SQ CM,144.437,20,,,,,,
Q4152,Dermapure 1 square cm,1 SQ CM,43.449,20,,,,,,
Q4153,"Dermavest, plurivest sq cm",1 SQ CM,44.23,20,,,,,,
Q4154,Biovance 1 square cm,1 SQ CM,148.97,20,,,,,,
Q4155,Neoxflo or clarixflo 1 mg,1 MG,21.82,20,,,,,,Added July 2024
Q4156,Neox 100 or clarix 100,1 SQ CM,68.431,20,,,,,,Added July 2024
Q4159,Affinity1 square cm,1 SQ CM,305.583,20,,,,,,
Q4160,Nushield 1 square cm,1 SQ CM,97.638,20,,,,,,
Q4161,Bio-connekt per square cm,1 SQ CM,68.408,20,,,,,,Added July 2024
Q4163,"Woundex, bioskin, per sq cm",1 SQ CM,13.079,20,,,,,,
Q4164,"Helicoll, per square cm",1 SQ CM,1552.698,20,,,,,,
Q4166,"Cytal, per square centimeter",1 SQ CM,18.979,20,,,,,,
Q4170,"Cygnus, per sq cm",1 SQ CM,52.791,20,,,,,,
Q4171,"Interfyl, 1 mg",1 MG,10.898,20,,,,,,
Q4173,Palingen or palingen xplus,1 SQ CM,402.514,20,,,,,,
Q4175,Miroderm,1 SQ CM,62.864,20,,,,,,
Q4178,"Floweramniopatch, per sq cm",1 SQ CM,83.494,20,,,,,,
Q4180,"Revita, per sq cm",1 SQ CM,393.375,20,,,,,,
Q4184,Cellesta or duo per sq cm,1 SQ CM,624.34,20,,,,,,
Q4186,Epifix 1 sq cm,1 SQ CM,154.668,20,,,,,,
Q4187,Epicord 1 sq cm,1 SQ CM,244.487,20,,,,,,
Q4188,Amnioarmor 1 sq cm,1 SQ CM,543.202,20,,,,,,
Q4190,Artacent ac 1 sq cm,1 SQ CM,314.303,20,,,,,,
Q4191,Restorigin 1 sq cm,1 SQ CM,80.333,20,,,,,,
Q4196,Puraply am 1 sq cm,1 SQ CM,103.745,20,,,,,,
Q4197,Puraply xt 1 sq cm,1 SQ CM,94.441,20,,,,,,
Q4199,"Cygnus matrix, per sq cm",1 SQ CM,273.203,20,,,,,,
Q4201,Matrion 1 sq cm,1 SQ CM,93.245,20,,,,,,Added July 2024
Q4205,Membrane graft or wrap sq cm,1 SQ CM,1309.047,20,,,,,,
Q4217,Woundfix biowound plus xplus,1 SQ CM,573.002,20,,,,,,
Q4221,Amniowrap2 per sq cm,1 SQ CM,1855,20,,,,,,
Q4222,"Progenamatrix, per sq cm",1 SQ CM,108.67,20,,,,,,
Q4227,Amniocore per sq cm,1 SQ CM,1038.8,20,,,,,,Added July 2024
Q4234,"Xcellerate, per sq cm",1 SQ CM,457.844,20,,,,,,Added July 2024
Q4235,Amniorepair or altiply sq cm,1 SQ CM,149.969,20,,,,,,
Q4236,Carepatch per sq cm,1 SQ CM,36.859,20,,,,,,
Q4238,"Derm-maxx, per sq cm",1 SQ CM,883.616,20,,,,,,
Q4248,Dermacyte amn mem allo sq cm,1 SQ CM,1106.816,20,,,,,,
Q4253,Zenith amniotic membrane psc,1 SQ CM,253.517,20,,,,,,
Q4258,"Enverse, per sq cm",1 SQ CM,76.466,20,,,,,,
Q4262,"Dual layer impax, per sq cm",1 SQ CM,706.77,20,,,,,,
Q4263,"Surgraft tl, per sq cm",1 SQ CM,529.163,20,,,,,,
Q4265,Neostim tl per sq cm,1 SQ CM,2114.7,20,,,,,,Added July 2024
Q4266,Neostim per sq cm,1 SQ CM,1584.7,20,,,,,,Added July 2024
Q4267,Neostim dl per sq cm,1 SQ CM,729.254,20,,,,,,
Q4268,Surgraft ft per sq cm,1 SQ CM,1209.664,20,,,,,,Added July 2024
Q4271,Complete ft per sq cm,1 SQ CM,75.728,20,,,,,,
Q4278,"Epieffect, per sq cm",1 SQ CM,404.713,20,,,,,,
Q4281,Barrera slor dl per sq cm,1 SQ CM,57.025,20,,,,,,
Q4282,Cygnus dual per sq cm,1 SQ CM,669.82,20,,,,,,
Q4283,"Biovance tri or 3l, sq cm",1 SQ CM,1059.209,20,,,,,,
Q4294,"Amnio quad-core, per sq cm",1 SQ CM,2279,20,,,,,,Added July 2024
Q4295,"Amnio tri-core, per sq cm",1 SQ CM,2067,20,,,,,,Added July 2024
Q4298,"Amnicore pro, per sq cm",1 SQ CM,2173,20,,,,,,Added July 2024
Q4299,"Amnicore pro+, per sq cm",1 SQ CM,2385,20,,,,,,Added July 2024
Q5101,"Injection, zarxio",1 MCG,0.248,20,,,,,,AMP-based payment limit
Q5103,"Injection, inflectra",10 MG,10.663,20,,,,,,8% of reference add-on applied
Q5104,"Injection, renflexis",10 MG,29.911,20,,,,,,8% of reference add-on applied
Q5105,Inj retacrit esrd on dialysi,100 UNITS,0.682,20,,,,,,8% of reference add-on applied
Q5106,Inj retacrit non-esrd use,1000 UNITS,6.82,20,,,,,,8% of reference add-on applied
Q5107,Inj mvasi 10 mg,10 MG,26.604,20,,,,,,8% of reference add-on applied
Q5108,"Injection, fulphila",0.5 MG,147.755,20,,,,,,
Q5110,Nivestym,1 MCG,0.277,20,,,,,,8% of reference add-on applied
Q5111,"Injection, udenyca 0.5 mg",0.5 MG,166.046,20,,,,,,
Q5112,Inj ontruzant 10 mg,10 MG,32.455,20,,,,,,8% of reference add-on applied
Q5113,Inj herzuma 10 mg,10 MG,62.632,20,,,,,,8% of reference add-on applied
Q5114,Inj ogivri 10 mg,10 MG,55.784,20,,,,,,8% of reference add-on applied
Q5115,Inj truxima 10 mg,10 MG,33.703,20,,,,,,8% of reference add-on applied
Q5116,"Inj., trazimera, 10 mg",10 MG,12.644,20,,,,,,8% of reference add-on applied
Q5117,"Inj., kanjinti, 10 mg",10 MG,19.339,20,,,,,,8% of reference add-on applied
Q5118,"Inj., zirabev, 10 mg",10 MG,20.97,20,,,,,,8% of reference add-on applied
Q5119,"Inj ruxience, 10 mg",10 MG,19.251,20,,,,,,8% of reference add-on applied
Q5121,"Inj. avsola, 10 mg",10 MG,21.889,20,,,,,,8% of reference add-on applied
Q5122,"Inj, nyvepria",0.5 MG,79.595,20,,,,,,
Q5123,"Inj. riabni, 10 mg",10 MG,40.372,20,,,,,,8% of reference add-on applied
Q5124,"Inj. byooviz, 0.1 mg",0.1 MG,157.712,20,,,,,,
Q5125,"Inj, releuko 1 mcg",1 MCG,0.41,20,,,,,,AMP-based payment limit
Q5126,Inj alymsys 10 mg,10 MG,57.724,20,,,,,,8% of reference add-on applied
Q5127,"Inj, stimufend, 0.5 mg",0.5 MG,335.393,20,,,,,,
Q5128,"Inj, cimerli, 0.1 mg",0.1 MG,204.567,20,,,,,,
Q5129,"Inj, vegzelma, 10 mg",10 MG,61.241,20,,,,,,8% of reference add-on applied
Q5130,"Inj, fylnetra, 0.5 mg",0.5 MG,194.062,20,,,,,,
Q9950,Inj sulf hexa lipid microsph,1 ML,19.038,20,,,,,,
Q9956,"Inj octafluoropropane mic,ml",1 ML,41.793,20,,,,,,
Q9957,"Inj perflutren lip micros,ml",1 ML,41.793,20,,,,,,
Q9958,"Hocm <=149 mg/ml iodine, 1ml",1 ML,0.072,20,,,,,,
Q9963,"Hocm 350-399mg/ml iodine,1ml",1 ML,0.217,20,,,,,,
Q9965,"Locm 100-199mg/ml iodine,1ml",1 ML,1.888,20,,,,,,
Q9966,"Locm 200-299mg/ml iodine,1ml",1 ML,0.349,20,,,,,,
Q9967,"Locm 300-399mg/ml iodine,1ml",1 ML,0.135,20,,,,,,
Q9991,Buprenorph xr 100 mg or less,Less than or equal to 100 MG,1961.559,20,,,,,,
Q9992,Buprenorphine xr over 100 mg,Greater than 100 MG,1961.559,20,,,,,,
